well,id,run_ticket_number,date,date_string,updated_at,type,total
Aaron #1,1973878.0,,1704434400.0,2024-01-05,1970-01-01 00:00:01.704434400,OIL,80.16
Aaron #1,1974700.0,13171,1704434400.0,2024-01-05,1970-01-01 00:00:01.704434400,WATER,120.0
Aaron #1,1973879.0,13754,1704348000.0,2024-01-04,1970-01-01 00:00:01.704348000,WATER,120.0
Aaron #1,1973880.0,2929711,1704348000.0,2024-01-04,1970-01-01 00:00:01.704348000,OIL,190.0
Aaron #1,1973045.0,14117,1704261600.0,2024-01-03,1970-01-01 00:00:01.704261600,WATER,120.0
Aaron #1,1971413.0,013701,1704175200.0,2024-01-02,1970-01-01 00:00:01.704175200,WATER,120.0
Aaron #1,1970464.0,,1704088800.0,2024-01-01,1970-01-01 00:00:01.704088800,OIL,66.8
Aaron #1,1970465.0,013999,1704088800.0,2024-01-01,1970-01-01 00:00:01.704088800,WATER,130.0
Aaron #1,1970466.0,2913431,1704088800.0,2024-01-01,1970-01-01 00:00:01.704088800,OIL,186.0
Aaron #1,1969473.0,014190,1704002400.0,2023-12-31,1970-01-01 00:00:01.704002400,WATER,130.0
Aaron #1,1966305.0,14174,1703743200.0,2023-12-28,1970-01-01 00:00:01.703743200,WATER,130.0
Aaron #1,1963885.0,13963,1703570400.0,2023-12-26,1970-01-01 00:00:01.703570400,WATER,120.0
Aaron #1,1962608.0,014987,1703397600.0,2023-12-24,1970-01-01 00:00:01.703397600,WATER,120.0
Aaron #1,1962609.0,2900471,1703397600.0,2023-12-24,1970-01-01 00:00:01.703397600,OIL,183.0
Aaron #1,1962610.0,,1703397600.0,2023-12-24,1970-01-01 00:00:01.703397600,OIL,73.48
Aaron #1,1961683.0,2900461,1703311200.0,2023-12-23,1970-01-01 00:00:01.703311200,OIL,191.0
Aaron #1,1961684.0,014294,1703311200.0,2023-12-23,1970-01-01 00:00:01.703311200,WATER,95.0
Aaron #1,1961685.0,,1703311200.0,2023-12-23,1970-01-01 00:00:01.703311200,OIL,68.47
Aaron #1,1959544.0,14931,1703138400.0,2023-12-21,1970-01-01 00:00:01.703138400,WATER,60.0
Aaron #1,1958444.0,14976,1703052000.0,2023-12-20,1970-01-01 00:00:01.703052000,WATER,120.0
Aaron #1,1957262.0,121823,1702965600.0,2023-12-19,1970-01-01 00:00:01.702965600,WATER,120.0
Aaron #1,1954814.0,14262,1702706400.0,2023-12-16,1970-01-01 00:00:01.702706400,WATER,120.0
Aaron #1,1952503.0,,1702533600.0,2023-12-14,1970-01-01 00:00:01.702533600,OIL,85.17
Aaron #1,1952504.0,2874981,1702533600.0,2023-12-14,1970-01-01 00:00:01.702533600,OIL,173.0
Aaron #1,1951333.0,12296,1702447200.0,2023-12-13,1970-01-01 00:00:01.702447200,WATER,120.0
Aaron #1,1950118.0,14883,1702274400.0,2023-12-11,1970-01-01 00:00:01.702274400,WATER,120.0
Aaron #1,1948514.0,14879,1702188000.0,2023-12-10,1970-01-01 00:00:01.702188000,WATER,120.0
Aaron #1,1947458.0,14875,1702101600.0,2023-12-09,1970-01-01 00:00:01.702101600,WATER,120.0
Aaron #1,1945581.0,,1702015200.0,2023-12-08,1970-01-01 00:00:01.702015200,OIL,76.82
Aaron #1,1945580.0,12272,1701928800.0,2023-12-07,1970-01-01 00:00:01.701928800,WATER,120.0
Aaron #1,1945582.0,2856631,1701928800.0,2023-12-07,1970-01-01 00:00:01.701928800,OIL,192.0
Aniken #1,1954815.0,14912,1702706400.0,2023-12-16,1970-01-01 00:00:01.702706400,WATER,120.0
Aniken #1,1945583.0,2856641,1701928800.0,2023-12-07,1970-01-01 00:00:01.701928800,OIL,181.0
Annpick #1,1963915.0,2900481,1703570400.0,2023-12-26,1970-01-01 00:00:01.703570400,OIL,180.0
Balfour #1,1973881.0,,1704434400.0,2024-01-05,1970-01-01 00:00:01.704434400,OIL,70.14
Balfour #1,1973882.0,132846,1704348000.0,2024-01-04,1970-01-01 00:00:01.704348000,WATER,100.0
Balfour #1,1973883.0,2929721,1704348000.0,2024-01-04,1970-01-01 00:00:01.704348000,OIL,186.0
Balfour #1,1966308.0,,1703743200.0,2023-12-28,1970-01-01 00:00:01.703743200,OIL,70.14
Balfour #1,1966306.0,2913441,1703656800.0,2023-12-27,1970-01-01 00:00:01.703656800,OIL,191.0
Balfour #1,1966307.0,13970,1703656800.0,2023-12-27,1970-01-01 00:00:01.703656800,WATER,120.0
Balfour #1,1960579.0,,1703224800.0,2023-12-22,1970-01-01 00:00:01.703224800,OIL,71.81
Balfour #1,1960580.0,2900491,1703224800.0,2023-12-22,1970-01-01 00:00:01.703224800,OIL,180.1
Balfour #1,1957263.0,,1702965600.0,2023-12-19,1970-01-01 00:00:01.702965600,OIL,90.18
Balfour #1,1957264.0,2886571,1702879200.0,2023-12-18,1970-01-01 00:00:01.702879200,OIL,190.0
Balfour #1,1953438.0,2879532,1702620000.0,2023-12-15,1970-01-01 00:00:01.702620000,OIL,62.0
Balfour #1,1952506.0,,1702533600.0,2023-12-14,1970-01-01 00:00:01.702533600,OIL,71.81
Balfour #1,1952507.0,2874991,1702533600.0,2023-12-14,1970-01-01 00:00:01.702533600,OIL,190.0
Balfour #1,1950119.0,146401,1702274400.0,2023-12-11,1970-01-01 00:00:01.702274400,WATER,65.0
Balfour #1,1945585.0,,1702015200.0,2023-12-08,1970-01-01 00:00:01.702015200,OIL,86.84
Balfour #1,1945584.0,2856651,1701928800.0,2023-12-07,1970-01-01 00:00:01.701928800,OIL,188.0
Barrier #1,1954727.0,,1702792800.0,2023-12-17,1970-01-01 00:00:01.702792800,OIL,20.43
Barrier #1,1954168.0,,1702706400.0,2023-12-16,1970-01-01 00:00:01.702706400,OIL,54.48
Barrier #1,1946694.0,2856661,1702015200.0,2023-12-08,1970-01-01 00:00:01.702015200,OIL,190.9
Beeler Ranch #1,1974702.0,1524,1704434400.0,2024-01-05,1970-01-01 00:00:01.704434400,WATER,120.0
Beeler Ranch #1,1973053.0,2929731,1704261600.0,2024-01-03,1970-01-01 00:00:01.704261600,OIL,183.0
Beeler Ranch #1,1971420.0,014113,1704175200.0,2024-01-02,1970-01-01 00:00:01.704175200,WATER,120.0
Beeler Ranch #1,1972215.0,13705,1704175200.0,2024-01-02,1970-01-01 00:00:01.704175200,WATER,100.0
Beeler Ranch #1,1970471.0,014111,1704088800.0,2024-01-01,1970-01-01 00:00:01.704088800,WATER,120.0
Beeler Ranch #1,1968357.0,122924,1703829600.0,2023-12-29,1970-01-01 00:00:01.703829600,WATER,120.0
Beeler Ranch #1,1967409.0,13982,1703743200.0,2023-12-28,1970-01-01 00:00:01.703743200,WATER,120.0
Beeler Ranch #1,1964976.0,14999,1703570400.0,2023-12-26,1970-01-01 00:00:01.703570400,WATER,120.0
Beeler Ranch #1,1962614.0,014943,1703397600.0,2023-12-24,1970-01-01 00:00:01.703397600,WATER,130.0
Beeler Ranch #1,1963177.0,122423,1703397600.0,2023-12-24,1970-01-01 00:00:01.703397600,WATER,120.0
Beeler Ranch #1,1958455.0,14280,1702965600.0,2023-12-19,1970-01-01 00:00:01.702965600,WATER,120.0
Beeler Ranch #1,1954818.0,14910,1702706400.0,2023-12-16,1970-01-01 00:00:01.702706400,WATER,120.0
Beeler Ranch #1,1954188.0,121523,1702620000.0,2023-12-15,1970-01-01 00:00:01.702620000,WATER,120.0
Beeler Ranch #1,1952519.0,014952,1702533600.0,2023-12-14,1970-01-01 00:00:01.702533600,WATER,130.0
Beeler Ranch #1,1951335.0,014886,1702447200.0,2023-12-13,1970-01-01 00:00:01.702447200,WATER,120.0
Beeler Ranch #1,1948523.0,12287,1702188000.0,2023-12-10,1970-01-01 00:00:01.702188000,WATER,120.0
Beeler Ranch #1,1946626.0,13478,1702015200.0,2023-12-08,1970-01-01 00:00:01.702015200,WATER,120.0
Bermuda #1,1960640.0,2886581,1703224800.0,2023-12-22,1970-01-01 00:00:01.703224800,OIL,185.0
Big Sonny #1,1961542.0,014296,1703224800.0,2023-12-22,1970-01-01 00:00:01.703224800,WATER,120.0
Big Sonny #1,1948534.0,12286,1702188000.0,2023-12-10,1970-01-01 00:00:01.702188000,WATER,130.0
Big Sonny #1,1946695.0,2856671,1702015200.0,2023-12-08,1970-01-01 00:00:01.702015200,OIL,190.5
Blackmon #1,1973890.0,2913491,1704434400.0,2024-01-05,1970-01-01 00:00:01.704434400,OIL,188.0
Blackmon #1,1973891.0,,1704434400.0,2024-01-05,1970-01-01 00:00:01.704434400,OIL,73.48
Blackmon #1,1968355.0,,1703916000.0,2023-12-30,1970-01-01 00:00:01.703916000,OIL,76.82
Blackmon #1,1968356.0,2908031,1703829600.0,2023-12-29,1970-01-01 00:00:01.703829600,OIL,191.0
Blackmon #1,1960586.0,2886591,1703224800.0,2023-12-22,1970-01-01 00:00:01.703224800,OIL,185.5
Blackmon #1,1960587.0,,1703224800.0,2023-12-22,1970-01-01 00:00:01.703224800,OIL,80.16
Blackmon #1,1959549.0,,1703138400.0,2023-12-21,1970-01-01 00:00:01.703138400,OIL,88.51
Blackmon #1,1947463.0,2837681,1702101600.0,2023-12-09,1970-01-01 00:00:01.702101600,OIL,191.0
Bruce Weaver #1,1965880.0,014153,1703743200.0,2023-12-28,1970-01-01 00:00:01.703743200,WATER,100.0
Bruce Weaver #2 Re,1975053.0,2939381,1704607200.0,2024-01-07,1970-01-01 00:00:01.704641489,OIL,190.0
Bruce Weaver #2 Re,1974540.0,2942141,1704520800.0,2024-01-06,1970-01-01 00:00:01.704566112,OIL,180.0
Bruce Weaver #2 Re,1974541.0,,1704520800.0,2024-01-06,1970-01-01 00:00:01.704566113,OIL,59.02
Bruce Weaver #2 Re,1974542.0,2942131,1704520800.0,2024-01-06,1970-01-01 00:00:01.704566113,OIL,190.0
Bruce Weaver #2 Re,1974057.0,,1704434400.0,2024-01-05,1970-01-01 00:00:01.704500169,OIL,20.43
Bruce Weaver #2 Re,1974058.0,,1704434400.0,2024-01-05,1970-01-01 00:00:01.704500169,OIL,20.43
Bruce Weaver #2 Re,1974059.0,2939391,1704434400.0,2024-01-05,1970-01-01 00:00:01.704500169,OIL,188.0
Bruce Weaver #2 Re,1974060.0,2939491,1704434400.0,2024-01-05,1970-01-01 00:00:01.704500169,OIL,190.0
Bruce Weaver #2 Re,1973163.0,2932811,1704348000.0,2024-01-04,1970-01-01 00:00:01.704412874,OIL,192.0
Bruce Weaver #2 Re,1972270.0,,1704261600.0,2024-01-03,1970-01-01 00:00:01.704261600,OIL,172.52
Bruce Weaver #2 Re,1972274.0,2913511,1704261600.0,2024-01-03,1970-01-01 00:00:01.704261600,OIL,191.0
Bruce Weaver #2 Re,1972275.0,,1704261600.0,2024-01-03,1970-01-01 00:00:01.704261600,OIL,172.52
Bruce Weaver #2 Re,1972276.0,013158,1704261600.0,2024-01-03,1970-01-01 00:00:01.704261600,WATER,130.0
Bruce Weaver #2 Re,1970886.0,2917841,1704175200.0,2024-01-02,1970-01-01 00:00:01.704175200,OIL,190.0
Bruce Weaver #2 Re,1969833.0,2913541,1704088800.0,2024-01-01,1970-01-01 00:00:01.704088800,OIL,189.0
Bruce Weaver #2 Re,1969835.0,014109,1704088800.0,2024-01-01,1970-01-01 00:00:01.704088800,WATER,130.0
Bruce Weaver #2 Re,1968765.0,2910131,1704002400.0,2023-12-31,1970-01-01 00:00:01.704002400,OIL,182.0
Bruce Weaver #2 Re,1968766.0,013991,1704002400.0,2023-12-31,1970-01-01 00:00:01.704002400,WATER,130.0
Bruce Weaver #2 Re,1967025.0,2913521,1703829600.0,2023-12-29,1970-01-01 00:00:01.703829600,OIL,180.0
Bruce Weaver #2 Re,1967026.0,,1703829600.0,2023-12-29,1970-01-01 00:00:01.703829600,OIL,63.56
Bruce Weaver #2 Re,1967027.0,2913531,1703829600.0,2023-12-29,1970-01-01 00:00:01.703829600,OIL,180.0
Bruce Weaver #2 Re,1963241.0,2905821,1703484000.0,2023-12-25,1970-01-01 00:00:01.703484000,OIL,188.0
Bruce Weaver #2 Re,1963242.0,,1703484000.0,2023-12-25,1970-01-01 00:00:01.703484000,OIL,56.75
Bruce Weaver #2 Re,1963243.0,,1703484000.0,2023-12-25,1970-01-01 00:00:01.703484000,OIL,56.75
Bruce Weaver #2 Re,1962047.0,014942,1703397600.0,2023-12-24,1970-01-01 00:00:01.703397600,WATER,130.0
Bruce Weaver #2 Re,1962048.0,2905831,1703397600.0,2023-12-24,1970-01-01 00:00:01.703397600,OIL,192.0
Bruce Weaver #2 Re,1961194.0,2897831,1703311200.0,2023-12-23,1970-01-01 00:00:01.703311200,OIL,183.0
Bruce Weaver #2 Re,1960088.0,2886621,1703224800.0,2023-12-22,1970-01-01 00:00:01.703224800,OIL,190.0
Bruce Weaver #2 Re,1960089.0,,1703224800.0,2023-12-22,1970-01-01 00:00:01.703224800,OIL,24.97
Bruce Weaver #2 Re,1960090.0,2894461,1703224800.0,2023-12-22,1970-01-01 00:00:01.703224800,OIL,185.0
Bruce Weaver #2 Re,1958948.0,014927,1703138400.0,2023-12-21,1970-01-01 00:00:01.703138400,WATER,130.0
Bruce Weaver #2 Re,1957874.0,014970,1703052000.0,2023-12-20,1970-01-01 00:00:01.703052000,WATER,130.0
Bruce Weaver #2 Re,1957875.0,,1703052000.0,2023-12-20,1970-01-01 00:00:01.703052000,OIL,81.72
Bruce Weaver #2 Re,1957876.0,2889901,1703052000.0,2023-12-20,1970-01-01 00:00:01.703052000,OIL,182.0
Bruce Weaver #2 Re,1957877.0,2889911,1703052000.0,2023-12-20,1970-01-01 00:00:01.703052000,OIL,181.0
Bruce Weaver #2 Re,1956758.0,,1702965600.0,2023-12-19,1970-01-01 00:00:01.702965600,OIL,31.78
Bruce Weaver #2 Re,1956759.0,2886601,1702965600.0,2023-12-19,1970-01-01 00:00:01.702965600,OIL,190.0
Bruce Weaver #2 Re,1956760.0,,1702965600.0,2023-12-19,1970-01-01 00:00:01.702965600,OIL,31.78
Bruce Weaver #2 Re,1955982.0,2886611,1702879200.0,2023-12-18,1970-01-01 00:00:01.702879200,OIL,185.2
Bruce Weaver #2 Re,1955259.0,014265,1702792800.0,2023-12-17,1970-01-01 00:00:01.702792800,WATER,120.0
Bruce Weaver #2 Re,1954252.0,,1702706400.0,2023-12-16,1970-01-01 00:00:01.702706400,OIL,34.05
Bruce Weaver #2 Re,1954254.0,2879471,1702706400.0,2023-12-16,1970-01-01 00:00:01.702706400,OIL,190.0
Bruce Weaver #2 Re,1954255.0,,1702706400.0,2023-12-16,1970-01-01 00:00:01.702706400,OIL,34.05
Bruce Weaver #2 Re,1952817.0,2877301,1702620000.0,2023-12-15,1970-01-01 00:00:01.702620000,OIL,186.0
Bruce Weaver #2 Re,1951792.0,2875001,1702533600.0,2023-12-14,1970-01-01 00:00:01.702533600,OIL,192.0
Bruce Weaver #2 Re,1950785.0,014897,1702447200.0,2023-12-13,1970-01-01 00:00:01.702447200,WATER,125.0
Bruce Weaver #2 Re,1950786.0,2871111,1702447200.0,2023-12-13,1970-01-01 00:00:01.702447200,OIL,190.0
Bruce Weaver #2 Re,1950787.0,2871121,1702447200.0,2023-12-13,1970-01-01 00:00:01.702447200,OIL,170.0
Bruce Weaver #2 Re,1950788.0,,1702447200.0,2023-12-13,1970-01-01 00:00:01.702447200,OIL,34.05
Bruce Weaver #2 Re,1948313.0,2868051,1702274400.0,2023-12-11,1970-01-01 00:00:01.702274400,OIL,190.0
Bruce Weaver #2 Re,1948314.0,,1702274400.0,2023-12-11,1970-01-01 00:00:01.702274400,OIL,27.24
Bruce Weaver #2 Re,1948315.0,2859781,1702274400.0,2023-12-11,1970-01-01 00:00:01.702274400,OIL,184.0
Bruce Weaver #2 Re,1946776.0,,1702101600.0,2023-12-09,1970-01-01 00:00:01.702101600,OIL,97.61
Bruce Weaver #2 Re,1946779.0,2859771,1702101600.0,2023-12-09,1970-01-01 00:00:01.702101600,OIL,185.0
Bruce Weaver #2 Re,1946780.0,,1702101600.0,2023-12-09,1970-01-01 00:00:01.702101600,OIL,97.61
Bruce Weaver #2 Re,1945716.0,,1702015200.0,2023-12-08,1970-01-01 00:00:01.702015200,OIL,133.93
Bruce Weaver #2 Re,1945720.0,2859751,1702015200.0,2023-12-08,1970-01-01 00:00:01.702015200,OIL,188.0
Bruce Weaver #2 Re,1945721.0,12275,1702015200.0,2023-12-08,1970-01-01 00:00:01.702015200,WATER,130.0
Bruce Weaver #2 Re,1945722.0,,1702015200.0,2023-12-08,1970-01-01 00:00:01.702015200,OIL,133.93
Bruce Weaver #2 Re,1944697.0,,1701928800.0,2023-12-07,1970-01-01 00:00:01.701928800,OIL,43.13
Bruce Weaver #2 Re,1944698.0,,1701928800.0,2023-12-07,1970-01-01 00:00:01.701928800,OIL,43.13
Bruce Weaver #2 Re,1944923.0,2840441,1701928800.0,2023-12-07,1970-01-01 00:00:01.701928800,OIL,190.0
Burns Ranch #2,1974452.0,2932831,1704434400.0,2024-01-05,1970-01-01 00:00:01.704434400,OIL,185.0
Burns Ranch #2,1973431.0,013751,1704261600.0,2024-01-03,1970-01-01 00:00:01.704261600,WATER,130.0
Burns Ranch #2,1968311.0,2903451,1703829600.0,2023-12-29,1970-01-01 00:00:01.703829600,OIL,192.9
Burns Ranch #2,1961540.0,2897841,1703224800.0,2023-12-22,1970-01-01 00:00:01.703224800,OIL,183.0
Burns Ranch #2,1960638.0,2894471,1703138400.0,2023-12-21,1970-01-01 00:00:01.703138400,OIL,190.0
Burns Ranch #2,1958419.0,2886641,1702965600.0,2023-12-19,1970-01-01 00:00:01.702965600,OIL,190.5
Burns Ranch #2,1953249.0,014253,1702620000.0,2023-12-15,1970-01-01 00:00:01.702620000,WATER,120.0
Burns Ranch #2,1953248.0,2876901,1702533600.0,2023-12-14,1970-01-01 00:00:01.702533600,OIL,151.0
Burns Ranch #2,1950179.0,2871131,1702360800.0,2023-12-12,1970-01-01 00:00:01.702360800,OIL,188.2
Burns Ranch #2,1948533.0,2868061,1702274400.0,2023-12-11,1970-01-01 00:00:01.702274400,OIL,190.1
Burns Ranch #2,1948532.0,2865751,1702188000.0,2023-12-10,1970-01-01 00:00:01.702188000,OIL,175.7
Burns Ranch #2,1947512.0,6699,1702101600.0,2023-12-09,1970-01-01 00:00:01.702101600,WATER,130.0
Burns Ranch #2,1945814.0,2856691,1701928800.0,2023-12-07,1970-01-01 00:00:01.701928800,OIL,190.2
Burns Ranch #2,1944670.0,2853601,1701842400.0,2023-12-06,1970-01-01 00:00:01.701842400,OIL,186.2
CMWW #1,1973608.0,,1704434400.0,2024-01-05,1970-01-01 00:00:01.704434400,OIL,86.84
CMWW #1,1973610.0,,1704434400.0,2024-01-05,1970-01-01 00:00:01.704434400,OIL,86.84
CMWW #1,1973607.0,2932851,1704348000.0,2024-01-04,1970-01-01 00:00:01.704348000,OIL,192.9
CMWW #1,1973609.0,013170,1704348000.0,2024-01-04,1970-01-01 00:00:01.704348000,WATER,130.0
CMWW #1,1971293.0,,1704175200.0,2024-01-02,1970-01-01 00:00:01.704175200,OIL,30.06
CMWW #1,1971294.0,,1704175200.0,2024-01-02,1970-01-01 00:00:01.704175200,OIL,30.06
CMWW #1,1971295.0,2922381,1704088800.0,2024-01-01,1970-01-01 00:00:01.704088800,OIL,180.0
CMWW #1,1970224.0,014110,1704002400.0,2023-12-31,1970-01-01 00:00:01.704002400,WATER,130.0
CMWW #1,1966998.0,,1703829600.0,2023-12-29,1970-01-01 00:00:01.703829600,OIL,38.41
CMWW #1,1967000.0,,1703829600.0,2023-12-29,1970-01-01 00:00:01.703829600,OIL,38.41
CMWW #1,1966999.0,2913601,1703743200.0,2023-12-28,1970-01-01 00:00:01.703743200,OIL,190.5
CMWW #1,1965821.0,014170,1703656800.0,2023-12-27,1970-01-01 00:00:01.703656800,WATER,65.0
CMWW #1,1963981.0,,1703570400.0,2023-12-26,1970-01-01 00:00:01.703570400,OIL,26.72
CMWW #1,1963982.0,,1703570400.0,2023-12-26,1970-01-01 00:00:01.703570400,OIL,26.72
CMWW #1,1963984.0,2910171,1703570400.0,2023-12-26,1970-01-01 00:00:01.703570400,OIL,190.3
CMWW #1,1964500.0,014163,1703570400.0,2023-12-26,1970-01-01 00:00:01.703570400,WATER,20.0
CMWW #1,1962824.0,2908091,1703484000.0,2023-12-25,1970-01-01 00:00:01.703484000,OIL,185.2
CMWW #1,1962825.0,,1703484000.0,2023-12-25,1970-01-01 00:00:01.703484000,OIL,35.07
CMWW #1,1962826.0,,1703484000.0,2023-12-25,1970-01-01 00:00:01.703484000,OIL,35.07
CMWW #1,1963983.0,014158,1703484000.0,2023-12-25,1970-01-01 00:00:01.703484000,WATER,100.0
CMWW #1,1962417.0,014989,1703311200.0,2023-12-23,1970-01-01 00:00:01.703311200,WATER,60.0
CMWW #1,1961535.0,2900531,1703224800.0,2023-12-22,1970-01-01 00:00:01.703224800,OIL,190.0
CMWW #1,1961536.0,014984,1703224800.0,2023-12-22,1970-01-01 00:00:01.703224800,WATER,120.0
CMWW #1,1960632.0,2897861,1703138400.0,2023-12-21,1970-01-01 00:00:01.703138400,OIL,190.0
CMWW #1,1960633.0,014287,1703138400.0,2023-12-21,1970-01-01 00:00:01.703138400,WATER,130.0
CMWW #1,1958867.0,014285,1703052000.0,2023-12-20,1970-01-01 00:00:01.703052000,WATER,130.0
CMWW #1,1958868.0,2894481,1703052000.0,2023-12-20,1970-01-01 00:00:01.703052000,OIL,190.0
CMWW #1,1957801.0,2889931,1702965600.0,2023-12-19,1970-01-01 00:00:01.702965600,OIL,190.6
CMWW #1,1955722.0,,1702879200.0,2023-12-18,1970-01-01 00:00:01.702879200,OIL,170.34
CMWW #1,1955727.0,,1702879200.0,2023-12-18,1970-01-01 00:00:01.702879200,OIL,70.14
CMWW #1,1956660.0,014270,1702879200.0,2023-12-18,1970-01-01 00:00:01.702879200,WATER,30.0
CMWW #1,1954712.0,,1702792800.0,2023-12-17,1970-01-01 00:00:01.702792800,OIL,40.08
CMWW #1,1954717.0,,1702792800.0,2023-12-17,1970-01-01 00:00:01.702792800,OIL,143.62
CMWW #1,1955724.0,014915,1702792800.0,2023-12-17,1970-01-01 00:00:01.702792800,WATER,120.0
CMWW #1,1955726.0,2884451,1702792800.0,2023-12-17,1970-01-01 00:00:01.702792800,OIL,191.4
CMWW #1,1954714.0,014958,1702706400.0,2023-12-16,1970-01-01 00:00:01.702706400,WATER,80.0
CMWW #1,1954716.0,2882151,1702706400.0,2023-12-16,1970-01-01 00:00:01.702706400,OIL,182.5
CMWW #1,1954160.0,014905,1702620000.0,2023-12-15,1970-01-01 00:00:01.702620000,WATER,120.0
CMWW #1,1952222.0,2875021,1702447200.0,2023-12-13,1970-01-01 00:00:01.702447200,OIL,185.0
CMWW #1,1951324.0,12292,1702360800.0,2023-12-12,1970-01-01 00:00:01.702360800,WATER,130.0
CMWW #1,1948033.0,,1702274400.0,2023-12-11,1970-01-01 00:00:01.702274400,OIL,30.06
CMWW #1,1948035.0,,1702274400.0,2023-12-11,1970-01-01 00:00:01.702274400,OIL,30.06
CMWW #1,1950177.0,12289,1702274400.0,2023-12-11,1970-01-01 00:00:01.702274400,WATER,130.0
CMWW #1,1947067.0,,1702188000.0,2023-12-10,1970-01-01 00:00:01.702188000,OIL,20.04
CMWW #1,1947068.0,,1702188000.0,2023-12-10,1970-01-01 00:00:01.702188000,OIL,20.04
CMWW #1,1948034.0,2865771,1702188000.0,2023-12-10,1970-01-01 00:00:01.702188000,OIL,190.6
CMWW #1,1948036.0,014891,1702188000.0,2023-12-10,1970-01-01 00:00:01.702188000,WATER,130.0
CMWW #1,1947066.0,014877,1702101600.0,2023-12-09,1970-01-01 00:00:01.702101600,WATER,80.0
CMWW #1,1947070.0,2863761,1702101600.0,2023-12-09,1970-01-01 00:00:01.702101600,OIL,178.0
CMWW #1,1946231.0,2859831,1702015200.0,2023-12-08,1970-01-01 00:00:01.702015200,OIL,190.1
CMWW #1,1946232.0,6693,1702015200.0,2023-12-08,1970-01-01 00:00:01.702015200,WATER,130.0
CMWW #1,1944007.0,,1701928800.0,2023-12-07,1970-01-01 00:00:01.701928800,OIL,60.12
CMWW #1,1945262.0,2856701,1701928800.0,2023-12-07,1970-01-01 00:00:01.701928800,OIL,190.4
CMWW #1,1945264.0,014864,1701928800.0,2023-12-07,1970-01-01 00:00:01.701928800,WATER,120.0
CMWW #1,1944005.0,2853621,1701842400.0,2023-12-06,1970-01-01 00:00:01.701842400,OIL,185.4
CMWW #2,1974451.0,2936881,1704520800.0,2024-01-06,1970-01-01 00:00:01.704520800,OIL,188.2
CMWW #2,1973612.0,2932861,1704434400.0,2024-01-05,1970-01-01 00:00:01.704434400,OIL,190.4
CMWW #2,1973613.0,,1704434400.0,2024-01-05,1970-01-01 00:00:01.704434400,OIL,16.7
CMWW #2,1973614.0,,1704434400.0,2024-01-05,1970-01-01 00:00:01.704434400,OIL,16.7
CMWW #2,1973615.0,,1704434400.0,2024-01-05,1970-01-01 00:00:01.704434400,OIL,16.7
CMWW #2,1972637.0,,1704348000.0,2024-01-04,1970-01-01 00:00:01.704348000,OIL,36.74
CMWW #2,1972638.0,,1704348000.0,2024-01-04,1970-01-01 00:00:01.704348000,OIL,36.74
CMWW #2,1972642.0,,1704348000.0,2024-01-04,1970-01-01 00:00:01.704348000,OIL,36.74
CMWW #2,1972641.0,2927361,1704261600.0,2024-01-03,1970-01-01 00:00:01.704261600,OIL,190.1
CMWW #2,1971728.0,2925501,1704175200.0,2024-01-02,1970-01-01 00:00:01.704175200,OIL,191.3
CMWW #2,1970219.0,,1704088800.0,2024-01-01,1970-01-01 00:00:01.704088800,OIL,45.09
CMWW #2,1970220.0,,1704088800.0,2024-01-01,1970-01-01 00:00:01.704088800,OIL,45.09
CMWW #2,1970221.0,,1704088800.0,2024-01-01,1970-01-01 00:00:01.704088800,OIL,45.09
CMWW #2,1970223.0,2925491,1704088800.0,2024-01-01,1970-01-01 00:00:01.704088800,OIL,190.0
CMWW #2,1971296.0,2927371,1704088800.0,2024-01-01,1970-01-01 00:00:01.704088800,OIL,180.0
CMWW #2,1969247.0,2923601,1703916000.0,2023-12-30,1970-01-01 00:00:01.703916000,OIL,190.0
CMWW #2,1967001.0,,1703829600.0,2023-12-29,1970-01-01 00:00:01.703829600,OIL,41.75
CMWW #2,1967002.0,,1703829600.0,2023-12-29,1970-01-01 00:00:01.703829600,OIL,41.75
CMWW #2,1967003.0,,1703829600.0,2023-12-29,1970-01-01 00:00:01.703829600,OIL,41.75
CMWW #2,1967976.0,2917891,1703829600.0,2023-12-29,1970-01-01 00:00:01.703829600,OIL,190.1
CMWW #2,1967006.0,2908111,1703743200.0,2023-12-28,1970-01-01 00:00:01.703743200,OIL,191.4
CMWW #2,1964501.0,,1703656800.0,2023-12-27,1970-01-01 00:00:01.703656800,OIL,61.79
CMWW #2,1964503.0,,1703656800.0,2023-12-27,1970-01-01 00:00:01.703656800,OIL,61.79
CMWW #2,1964507.0,,1703656800.0,2023-12-27,1970-01-01 00:00:01.703656800,OIL,61.79
CMWW #2,1964502.0,014163,1703570400.0,2023-12-26,1970-01-01 00:00:01.703570400,WATER,100.0
CMWW #2,1964506.0,2910201,1703570400.0,2023-12-26,1970-01-01 00:00:01.703570400,OIL,190.0
CMWW #2,1962827.0,,1703484000.0,2023-12-25,1970-01-01 00:00:01.703484000,OIL,76.82
CMWW #2,1962831.0,,1703484000.0,2023-12-25,1970-01-01 00:00:01.703484000,OIL,76.82
CMWW #2,1962832.0,,1703484000.0,2023-12-25,1970-01-01 00:00:01.703484000,OIL,76.82
CMWW #2,1963986.0,2908101,1703484000.0,2023-12-25,1970-01-01 00:00:01.703484000,OIL,188.3
CMWW #2,1962410.0,,1703397600.0,2023-12-24,1970-01-01 00:00:01.703397600,OIL,71.81
CMWW #2,1962415.0,,1703397600.0,2023-12-24,1970-01-01 00:00:01.703397600,OIL,71.81
CMWW #2,1962416.0,,1703397600.0,2023-12-24,1970-01-01 00:00:01.703397600,OIL,71.81
CMWW #2,1962830.0,2905861,1703397600.0,2023-12-24,1970-01-01 00:00:01.703397600,OIL,182.4
CMWW #2,1962414.0,2903481,1703311200.0,2023-12-23,1970-01-01 00:00:01.703311200,OIL,190.0
CMWW #2,1961538.0,2900551,1703224800.0,2023-12-22,1970-01-01 00:00:01.703224800,OIL,190.0
CMWW #2,1960634.0,014982,1703138400.0,2023-12-21,1970-01-01 00:00:01.703138400,WATER,130.0
CMWW #2,1960637.0,2897881,1703138400.0,2023-12-21,1970-01-01 00:00:01.703138400,OIL,184.0
CMWW #2,1957802.0,,1703052000.0,2023-12-20,1970-01-01 00:00:01.703052000,OIL,136.94
CMWW #2,1957803.0,,1703052000.0,2023-12-20,1970-01-01 00:00:01.703052000,OIL,136.94
CMWW #2,1957810.0,,1703052000.0,2023-12-20,1970-01-01 00:00:01.703052000,OIL,136.94
CMWW #2,1958870.0,2894491,1703052000.0,2023-12-20,1970-01-01 00:00:01.703052000,OIL,184.0
CMWW #2,1957809.0,2884481,1702965600.0,2023-12-19,1970-01-01 00:00:01.702965600,OIL,186.2
CMWW #2,1956663.0,2886671,1702879200.0,2023-12-18,1970-01-01 00:00:01.702879200,OIL,192.9
CMWW #2,1956664.0,014270,1702879200.0,2023-12-18,1970-01-01 00:00:01.702879200,WATER,100.0
CMWW #2,1954718.0,,1702792800.0,2023-12-17,1970-01-01 00:00:01.702792800,OIL,21.71
CMWW #2,1954723.0,,1702792800.0,2023-12-17,1970-01-01 00:00:01.702792800,OIL,21.71
CMWW #2,1954724.0,,1702792800.0,2023-12-17,1970-01-01 00:00:01.702792800,OIL,21.71
CMWW #2,1955729.0,2884491,1702792800.0,2023-12-17,1970-01-01 00:00:01.702792800,OIL,192.9
CMWW #2,1954164.0,,1702706400.0,2023-12-16,1970-01-01 00:00:01.702706400,OIL,18.37
CMWW #2,1954165.0,,1702706400.0,2023-12-16,1970-01-01 00:00:01.702706400,OIL,18.37
CMWW #2,1954167.0,,1702706400.0,2023-12-16,1970-01-01 00:00:01.702706400,OIL,18.37
CMWW #2,1954722.0,2882191,1702706400.0,2023-12-16,1970-01-01 00:00:01.702706400,OIL,191.4
CMWW #2,1954725.0,014958,1702706400.0,2023-12-16,1970-01-01 00:00:01.702706400,WATER,50.0
CMWW #2,1954163.0,2879511,1702620000.0,2023-12-15,1970-01-01 00:00:01.702620000,OIL,188.3
CMWW #2,1952223.0,,1702533600.0,2023-12-14,1970-01-01 00:00:01.702533600,OIL,18.37
CMWW #2,1952224.0,,1702533600.0,2023-12-14,1970-01-01 00:00:01.702533600,OIL,18.37
CMWW #2,1952225.0,,1702533600.0,2023-12-14,1970-01-01 00:00:01.702533600,OIL,18.37
CMWW #2,1953247.0,2877331,1702533600.0,2023-12-14,1970-01-01 00:00:01.702533600,OIL,191.0
CMWW #2,1952228.0,2875941,1702447200.0,2023-12-13,1970-01-01 00:00:01.702447200,OIL,186.0
CMWW #2,1951326.0,2871161,1702360800.0,2023-12-12,1970-01-01 00:00:01.702360800,OIL,167.0
CMWW #2,1948037.0,,1702274400.0,2023-12-11,1970-01-01 00:00:01.702274400,OIL,20.04
CMWW #2,1948038.0,,1702274400.0,2023-12-11,1970-01-01 00:00:01.702274400,OIL,20.04
CMWW #2,1948040.0,2868101,1702274400.0,2023-12-11,1970-01-01 00:00:01.702274400,OIL,190.4
CMWW #2,1948041.0,,1702274400.0,2023-12-11,1970-01-01 00:00:01.702274400,OIL,20.04
CMWW #2,1950178.0,2868091,1702274400.0,2023-12-11,1970-01-01 00:00:01.702274400,OIL,157.0
CMWW #2,1947071.0,,1702188000.0,2023-12-10,1970-01-01 00:00:01.702188000,OIL,118.57
CMWW #2,1947072.0,,1702188000.0,2023-12-10,1970-01-01 00:00:01.702188000,OIL,118.57
CMWW #2,1947076.0,2861551,1702188000.0,2023-12-10,1970-01-01 00:00:01.702188000,OIL,192.9
CMWW #2,1947078.0,,1702188000.0,2023-12-10,1970-01-01 00:00:01.702188000,OIL,118.57
CMWW #2,1946234.0,,1702101600.0,2023-12-09,1970-01-01 00:00:01.702101600,OIL,115.23
CMWW #2,1946240.0,,1702101600.0,2023-12-09,1970-01-01 00:00:01.702101600,OIL,115.23
CMWW #2,1946241.0,,1702101600.0,2023-12-09,1970-01-01 00:00:01.702101600,OIL,115.23
CMWW #2,1947077.0,014877,1702101600.0,2023-12-09,1970-01-01 00:00:01.702101600,WATER,40.0
CMWW #2,1946233.0,013480,1702015200.0,2023-12-08,1970-01-01 00:00:01.702015200,WATER,120.0
CMWW #2,1946239.0,2859851,1702015200.0,2023-12-08,1970-01-01 00:00:01.702015200,OIL,190.4
CMWW #2,1944008.0,,1701928800.0,2023-12-07,1970-01-01 00:00:01.701928800,OIL,31.73
CMWW #2,1944011.0,,1701928800.0,2023-12-07,1970-01-01 00:00:01.701928800,OIL,31.73
CMWW #2,1944012.0,,1701928800.0,2023-12-07,1970-01-01 00:00:01.701928800,OIL,31.73
CMWW #2,1945266.0,2856731,1701928800.0,2023-12-07,1970-01-01 00:00:01.701928800,OIL,190.0
CMWW #2,1944010.0,2853631,1701842400.0,2023-12-06,1970-01-01 00:00:01.701842400,OIL,185.8
CR #101,1968303.0,2917911,1703829600.0,2023-12-29,1970-01-01 00:00:01.703829600,OIL,192.0
CR #101,1952156.0,2868111,1702360800.0,2023-12-12,1970-01-01 00:00:01.702360800,OIL,192.2
CR #201,1954696.0,2882201,1702706400.0,2023-12-16,1970-01-01 00:00:01.702706400,OIL,190.9
CR #301,1963930.0,2905871,1703570400.0,2023-12-26,1970-01-01 00:00:01.703570400,OIL,186.4
CR #301,1953211.0,2877351,1702533600.0,2023-12-14,1970-01-01 00:00:01.702533600,OIL,182.0
CR #302,1966513.0,2905881,1703656800.0,2023-12-27,1970-01-01 00:00:01.703656800,OIL,190.0
CR #302,1948583.0,2868121,1702274400.0,2023-12-11,1970-01-01 00:00:01.702274400,OIL,190.0
CR #401,1950114.0,2868131,1702274400.0,2023-12-11,1970-01-01 00:00:01.702274400,OIL,190.0
CR #501,1948582.0,2868141,1702274400.0,2023-12-11,1970-01-01 00:00:01.702274400,OIL,190.0
CR #939,1962368.0,2894531,1703397600.0,2023-12-24,1970-01-01 00:00:01.703397600,OIL,188.2
CR #939,1962369.0,,1703397600.0,2023-12-24,1970-01-01 00:00:01.703397600,OIL,77.18
CR #939,1961458.0,,1703311200.0,2023-12-23,1970-01-01 00:00:01.703311200,OIL,77.18
CR #939,1961459.0,2900571,1703311200.0,2023-12-23,1970-01-01 00:00:01.703311200,OIL,190.4
CR #939,1952158.0,,1702533600.0,2023-12-14,1970-01-01 00:00:01.702533600,OIL,81.72
CR #939,1952157.0,2875051,1702447200.0,2023-12-13,1970-01-01 00:00:01.702447200,OIL,188.2
CR #939,1950115.0,,1702360800.0,2023-12-12,1970-01-01 00:00:01.702360800,OIL,77.18
CR #939,1950116.0,2868151,1702274400.0,2023-12-11,1970-01-01 00:00:01.702274400,OIL,190.0
CT #1,1973872.0,2929771,1704348000.0,2024-01-04,1970-01-01 00:00:01.704348000,OIL,191.5
CT #1,1969251.0,013998,1704002400.0,2023-12-31,1970-01-01 00:00:01.704002400,WATER,130.0
CT #1,1970225.0,2920851,1704002400.0,2023-12-31,1970-01-01 00:00:01.704002400,OIL,190.0
CT #1,1966339.0,2913641,1703656800.0,2023-12-27,1970-01-01 00:00:01.703656800,OIL,191.1
CT #1,1963218.0,013956,1703484000.0,2023-12-25,1970-01-01 00:00:01.703484000,WATER,130.0
CT #1,1963219.0,2905891,1703397600.0,2023-12-24,1970-01-01 00:00:01.703397600,OIL,180.4
CT #1,1960639.0,2897901,1703138400.0,2023-12-21,1970-01-01 00:00:01.703138400,OIL,191.0
CT #1,1958420.0,014971,1702965600.0,2023-12-19,1970-01-01 00:00:01.702965600,WATER,130.0
CT #1,1955929.0,2886701,1702879200.0,2023-12-18,1970-01-01 00:00:01.702879200,OIL,190.6
CT #1,1954726.0,2882211,1702706400.0,2023-12-16,1970-01-01 00:00:01.702706400,OIL,192.8
CT #1,1952229.0,2875061,1702447200.0,2023-12-13,1970-01-01 00:00:01.702447200,OIL,182.0
CT #1,1946692.0,12281,1702101600.0,2023-12-09,1970-01-01 00:00:01.702101600,WATER,130.0
CT #1,1947513.0,2863801,1702101600.0,2023-12-09,1970-01-01 00:00:01.702101600,OIL,152.0
CT #1,1946693.0,2859861,1702015200.0,2023-12-08,1970-01-01 00:00:01.702015200,OIL,190.0
Cannan #1,1972988.0,013165,1704261600.0,2024-01-03,1970-01-01 00:00:01.704261600,WATER,120.0
Cannan #1,1969244.0,2923571,1703916000.0,2023-12-30,1970-01-01 00:00:01.703916000,OIL,190.4
Cannan #1,1968302.0,013988,1703829600.0,2023-12-29,1970-01-01 00:00:01.703829600,WATER,120.0
Cannan #1,1966514.0,014169,1703656800.0,2023-12-27,1970-01-01 00:00:01.703656800,WATER,130.0
Cannan #1,1962370.0,014300,1703311200.0,2023-12-23,1970-01-01 00:00:01.703311200,WATER,120.0
Cannan #1,1959508.0,014929,1703052000.0,2023-12-20,1970-01-01 00:00:01.703052000,WATER,130.0
Cannan #1,1955963.0,014268,1702792800.0,2023-12-17,1970-01-01 00:00:01.702792800,WATER,120.0
Cannan #1,1953212.0,014254,1702533600.0,2023-12-14,1970-01-01 00:00:01.702533600,WATER,130.0
Cannan #1,1952159.0,12299,1702447200.0,2023-12-13,1970-01-01 00:00:01.702447200,WATER,130.0
Cannan #1,1948573.0,014882,1702188000.0,2023-12-10,1970-01-01 00:00:01.702188000,WATER,120.0
Cannan #1,1947086.0,2863731,1702101600.0,2023-12-09,1970-01-01 00:00:01.702101600,OIL,186.4
Cannan #1,1947085.0,12280,1702015200.0,2023-12-08,1970-01-01 00:00:01.702015200,WATER,130.0
Carolpick #1,1968298.0,2913561,1703916000.0,2023-12-30,1970-01-01 00:00:01.703916000,OIL,190.0
Carolpick #1,1952184.0,2875011,1702533600.0,2023-12-14,1970-01-01 00:00:01.702533600,OIL,188.0
Carolpick #1,1950084.0,2863741,1702360800.0,2023-12-12,1970-01-01 00:00:01.702360800,OIL,192.0
Carolyn #1,1970972.0,,1704175200.0,2024-01-02,1970-01-01 00:00:01.704175200,OIL,83.5
Carolyn #1,1970973.0,2917851,1704175200.0,2024-01-02,1970-01-01 00:00:01.704175200,OIL,176.0
Carolyn #1,1969232.0,2908071,1704002400.0,2023-12-31,1970-01-01 00:00:01.704002400,OIL,182.0
Carolyn #1,1969233.0,,1704002400.0,2023-12-31,1970-01-01 00:00:01.704002400,OIL,76.82
Carolyn #1,1967146.0,2908061,1703829600.0,2023-12-29,1970-01-01 00:00:01.703829600,OIL,191.0
Carolyn #1,1967147.0,,1703829600.0,2023-12-29,1970-01-01 00:00:01.703829600,OIL,83.5
Carolyn #1,1965202.0,,1703656800.0,2023-12-27,1970-01-01 00:00:01.703656800,OIL,56.78
Carolyn #1,1965203.0,014154,1703656800.0,2023-12-27,1970-01-01 00:00:01.703656800,WATER,120.0
Carolyn #1,1965204.0,2900521,1703656800.0,2023-12-27,1970-01-01 00:00:01.703656800,OIL,181.0
Carolyn #1,1958062.0,014974,1703052000.0,2023-12-20,1970-01-01 00:00:01.703052000,WATER,130.0
Carolyn #1,1944699.0,,1701928800.0,2023-12-07,1970-01-01 00:00:01.701928800,OIL,68.47
Carolyn #1,1944700.0,2849381,1701928800.0,2023-12-07,1970-01-01 00:00:01.701928800,OIL,141.0
Cenizo #1,1973888.0,13760,1704348000.0,2024-01-04,1970-01-01 00:00:01.704348000,WATER,100.0
Cenizo #1,1972208.0,2925481,1704002400.0,2023-12-31,1970-01-01 00:00:01.704002400,OIL,156.0
Cenizo #1,1972209.0,14189,1703916000.0,2023-12-30,1970-01-01 00:00:01.703916000,WATER,120.0
Cenizo #1,1967407.0,14180,1703743200.0,2023-12-28,1970-01-01 00:00:01.703743200,WATER,120.0
Cenizo #1,1966320.0,13976,1703656800.0,2023-12-27,1970-01-01 00:00:01.703656800,WATER,130.0
Cenizo #1,1963911.0,14997,1703484000.0,2023-12-25,1970-01-01 00:00:01.703484000,WATER,120.0
Cenizo #1,1963912.0,2908081,1703484000.0,2023-12-25,1970-01-01 00:00:01.703484000,OIL,193.0
Cenizo #1,1959548.0,2897851,1703138400.0,2023-12-21,1970-01-01 00:00:01.703138400,OIL,180.0
Cenizo #1,1958453.0,2886651,1702965600.0,2023-12-19,1970-01-01 00:00:01.702965600,OIL,190.0
Cenizo #1,1956061.0,14267,1702792800.0,2023-12-17,1970-01-01 00:00:01.702792800,WATER,120.0
Cenizo #1,1954187.0,2882141,1702706400.0,2023-12-16,1970-01-01 00:00:01.702706400,OIL,184.0
Cenizo #1,1952516.0,2877311,1702533600.0,2023-12-14,1970-01-01 00:00:01.702533600,OIL,188.0
Cenizo #1,1951334.0,014888,1702447200.0,2023-12-13,1970-01-01 00:00:01.702447200,WATER,120.0
Cenizo #1,1948521.0,14881,1702188000.0,2023-12-10,1970-01-01 00:00:01.702188000,WATER,120.0
Cenizo #1,1945588.0,6691,1701928800.0,2023-12-07,1970-01-01 00:00:01.701928800,WATER,130.0
Chad #1,1974643.0,013764,1704520800.0,2024-01-06,1970-01-01 00:00:01.704520800,WATER,130.0
Chad #1,1971300.0,014196,1704175200.0,2024-01-02,1970-01-01 00:00:01.704175200,WATER,130.0
Chad #1,1968299.0,013993,1703916000.0,2023-12-30,1970-01-01 00:00:01.703916000,WATER,130.0
Chad #1,1957215.0,014277,1702965600.0,2023-12-19,1970-01-01 00:00:01.702965600,WATER,130.0
Chad #1,1950085.0,,1702360800.0,2023-12-12,1970-01-01 00:00:01.702360800,OIL,15.03
Chad #1,1950086.0,014286,1702360800.0,2023-12-12,1970-01-01 00:00:01.702360800,WATER,120.0
Chad #1,1946781.0,2859821,1702101600.0,2023-12-09,1970-01-01 00:00:01.702101600,OIL,179.0
Chad #1,1946782.0,,1702101600.0,2023-12-09,1970-01-01 00:00:01.702101600,OIL,80.16
Chad #1,1945723.0,2853611,1702015200.0,2023-12-08,1970-01-01 00:00:01.702015200,OIL,183.0
Chad #1,1945724.0,,1702015200.0,2023-12-08,1970-01-01 00:00:01.702015200,OIL,83.5
Charles B #1,1964900.0,2910161,1703570400.0,2023-12-26,1970-01-01 00:00:01.703570400,OIL,191.2
Charles B #1,1950180.0,2865761,1702360800.0,2023-12-12,1970-01-01 00:00:01.702360800,OIL,193.2
Circle T #1,1973871.0,013762,1704434400.0,2024-01-05,1970-01-01 00:00:01.704434400,WATER,130.0
Circle T #1,1966338.0,,1703743200.0,2023-12-28,1970-01-01 00:00:01.703743200,OIL,56.75
Circle T #1,1966337.0,2913581,1703656800.0,2023-12-27,1970-01-01 00:00:01.703656800,OIL,191.1
Circle T #1,1961539.0,2886661,1703224800.0,2023-12-22,1970-01-01 00:00:01.703224800,OIL,191.0
Cross S #1,1968304.0,2910211,1703743200.0,2023-12-28,1970-01-01 00:00:01.703743200,OIL,190.0
Dale #1,1968131.0,2905901,1703916000.0,2023-12-30,1970-01-01 00:00:01.703916000,OIL,190.0
Dale #1,1961413.0,014290,1703311200.0,2023-12-23,1970-01-01 00:00:01.703311200,WATER,100.0
Dial #1 ST,1945587.0,2856741,1701928800.0,2023-12-07,1970-01-01 00:00:01.701928800,OIL,137.0
Drinkard #1,1973043.0,13166,1704348000.0,2024-01-04,1970-01-01 00:00:01.704348000,WATER,120.0
Drinkard #1,1973040.0,,1704261600.0,2024-01-03,1970-01-01 00:00:01.704261600,OIL,40.08
Drinkard #1,1973041.0,2932871,1704261600.0,2024-01-03,1970-01-01 00:00:01.704261600,OIL,163.0
Drinkard #1,1973042.0,,1704261600.0,2024-01-03,1970-01-01 00:00:01.704261600,OIL,40.08
Drinkard #1,1973044.0,2932871,1704261600.0,2024-01-03,1970-01-01 00:00:01.704261600,OIL,163.0
Drinkard #1,1971414.0,,1704175200.0,2024-01-02,1970-01-01 00:00:01.704175200,OIL,140.28
Drinkard #1,1971417.0,2929801,1704175200.0,2024-01-02,1970-01-01 00:00:01.704175200,OIL,180.0
Drinkard #1,1971418.0,Blackgold,1704175200.0,2024-01-02,1970-01-01 00:00:01.704175200,WATER,120.0
Drinkard #1,1971419.0,,1704175200.0,2024-01-02,1970-01-01 00:00:01.704175200,OIL,140.28
Drinkard #1,1969474.0,014107,1704002400.0,2023-12-31,1970-01-01 00:00:01.704002400,WATER,120.0
Drinkard #1,1966310.0,,1703743200.0,2023-12-28,1970-01-01 00:00:01.703743200,OIL,25.05
Drinkard #1,1966312.0,,1703743200.0,2023-12-28,1970-01-01 00:00:01.703743200,OIL,25.05
Drinkard #1,1966309.0,2913651,1703656800.0,2023-12-27,1970-01-01 00:00:01.703656800,OIL,161.0
Drinkard #1,1966311.0,144701,1703656800.0,2023-12-27,1970-01-01 00:00:01.703656800,WATER,70.0
Drinkard #1,1963886.0,,1703570400.0,2023-12-26,1970-01-01 00:00:01.703570400,OIL,58.45
Drinkard #1,1963889.0,,1703570400.0,2023-12-26,1970-01-01 00:00:01.703570400,OIL,58.45
Drinkard #1,1964975.0,14164,1703570400.0,2023-12-26,1970-01-01 00:00:01.703570400,WATER,120.0
Drinkard #1,1963888.0,2905911,1703484000.0,2023-12-25,1970-01-01 00:00:01.703484000,OIL,185.0
Drinkard #1,1962611.0,014944,1703397600.0,2023-12-24,1970-01-01 00:00:01.703397600,WATER,130.0
Drinkard #1,1961687.0,2900581,1703311200.0,2023-12-23,1970-01-01 00:00:01.703311200,OIL,156.0
Drinkard #1,1961688.0,,1703311200.0,2023-12-23,1970-01-01 00:00:01.703311200,OIL,28.39
Drinkard #1,1961689.0,,1703311200.0,2023-12-23,1970-01-01 00:00:01.703311200,OIL,28.39
Drinkard #1,1959545.0,2897911,1703138400.0,2023-12-21,1970-01-01 00:00:01.703138400,OIL,181.0
Drinkard #1,1960581.0,blackgold,1703138400.0,2023-12-21,1970-01-01 00:00:01.703138400,WATER,130.0
Drinkard #1,1958445.0,,1703052000.0,2023-12-20,1970-01-01 00:00:01.703052000,OIL,16.7
Drinkard #1,1958446.0,2894541,1703052000.0,2023-12-20,1970-01-01 00:00:01.703052000,OIL,187.0
Drinkard #1,1958447.0,,1703052000.0,2023-12-20,1970-01-01 00:00:01.703052000,OIL,16.7
Drinkard #1,1957265.0,,1702965600.0,2023-12-19,1970-01-01 00:00:01.702965600,OIL,18.37
Drinkard #1,1957267.0,,1702965600.0,2023-12-19,1970-01-01 00:00:01.702965600,OIL,18.37
Drinkard #1,1958448.0,139308,1702965600.0,2023-12-19,1970-01-01 00:00:01.702965600,WATER,100.0
Drinkard #1,1957266.0,2886711,1702879200.0,2023-12-18,1970-01-01 00:00:01.702879200,OIL,185.0
Drinkard #1,1956058.0,14916,1702792800.0,2023-12-17,1970-01-01 00:00:01.702792800,WATER,120.0
Drinkard #1,1953439.0,,1702620000.0,2023-12-15,1970-01-01 00:00:01.702620000,OIL,80.16
Drinkard #1,1953441.0,2879531,1702620000.0,2023-12-15,1970-01-01 00:00:01.702620000,OIL,123.0
Drinkard #1,1953442.0,,1702620000.0,2023-12-15,1970-01-01 00:00:01.702620000,OIL,80.16
Drinkard #1,1954185.0,14255,1702620000.0,2023-12-15,1970-01-01 00:00:01.702620000,WATER,120.0
Drinkard #1,1952508.0,,1702533600.0,2023-12-14,1970-01-01 00:00:01.702533600,OIL,31.73
Drinkard #1,1952509.0,144907,1702533600.0,2023-12-14,1970-01-01 00:00:01.702533600,WATER,100.0
Drinkard #1,1952510.0,,1702533600.0,2023-12-14,1970-01-01 00:00:01.702533600,OIL,31.73
Drinkard #1,1952512.0,2877361,1702533600.0,2023-12-14,1970-01-01 00:00:01.702533600,OIL,184.0
Drinkard #1,1950120.0,146402,1702274400.0,2023-12-11,1970-01-01 00:00:01.702274400,WATER,65.0
Drinkard #1,1947459.0,,1702188000.0,2023-12-10,1970-01-01 00:00:01.702188000,OIL,30.06
Drinkard #1,1947461.0,,1702188000.0,2023-12-10,1970-01-01 00:00:01.702188000,OIL,30.06
Drinkard #1,1948516.0,14880,1702188000.0,2023-12-10,1970-01-01 00:00:01.702188000,WATER,120.0
Drinkard #1,1946619.0,,1702101600.0,2023-12-09,1970-01-01 00:00:01.702101600,OIL,25.05
Drinkard #1,1946620.0,,1702101600.0,2023-12-09,1970-01-01 00:00:01.702101600,OIL,25.05
Drinkard #1,1947460.0,2865811,1702101600.0,2023-12-09,1970-01-01 00:00:01.702101600,OIL,188.0
Drinkard #1,1946621.0,14873,1702015200.0,2023-12-08,1970-01-01 00:00:01.702015200,WATER,120.0
Drinkard #1,1946622.0,2862981,1702015200.0,2023-12-08,1970-01-01 00:00:01.702015200,OIL,188.0
Drinkard #1,1944512.0,2856751,1701928800.0,2023-12-07,1970-01-01 00:00:01.701928800,OIL,186.0
Drinkard #1,1944513.0,,1701928800.0,2023-12-07,1970-01-01 00:00:01.701928800,OIL,38.41
Drinkard #1,1944514.0,,1701928800.0,2023-12-07,1970-01-01 00:00:01.701928800,OIL,38.41
Dunkle #2,1972207.0,13706,1704175200.0,2024-01-02,1970-01-01 00:00:01.704175200,WATER,120.0
Dunlap #1,1964902.0,2910221,1703656800.0,2023-12-27,1970-01-01 00:00:01.703656800,OIL,190.7
Eileen #1,1974703.0,10524,1704520800.0,2024-01-06,1970-01-01 00:00:01.704520800,WATER,120.0
Eileen #1,1946628.0,13479,1702015200.0,2023-12-08,1970-01-01 00:00:01.702015200,WATER,120.0
Eileen #1,1945590.0,2856861,1701928800.0,2023-12-07,1970-01-01 00:00:01.701928800,OIL,183.0
Evergreen #1,1964971.0,2908141,1703656800.0,2023-12-27,1970-01-01 00:00:01.703656800,OIL,191.1
Evergreen #1,1945550.0,2859871,1702015200.0,2023-12-08,1970-01-01 00:00:01.702015200,OIL,185.6
Fatheree #1,1953347.0,,1702620000.0,2023-12-15,1970-01-01 00:00:01.702620000,OIL,93.52
Fatheree #1,1953348.0,2877371,1702620000.0,2023-12-15,1970-01-01 00:00:01.702620000,OIL,191.0
Fatheree #1,1953349.0,014438,1702620000.0,2023-12-15,1970-01-01 00:00:01.702620000,WATER,125.0
Fatheree #1,1948289.0,,1702274400.0,2023-12-11,1970-01-01 00:00:01.702274400,OIL,60.12
Fatheree #1,1948290.0,2865821,1702274400.0,2023-12-11,1970-01-01 00:00:01.702274400,OIL,190.0
Fatheree #1,1948291.0,6698,1702274400.0,2023-12-11,1970-01-01 00:00:01.702274400,WATER,130.0
Fatheree #1,1947236.0,6643,1702188000.0,2023-12-10,1970-01-01 00:00:01.702188000,WATER,130.0
Flower #1,1973889.0,2925541,1704348000.0,2024-01-04,1970-01-01 00:00:01.704348000,OIL,185.0
Flower #1,1963913.0,13960,1703484000.0,2023-12-25,1970-01-01 00:00:01.703484000,WATER,120.0
Flower #1,1960585.0,2894551,1703224800.0,2023-12-22,1970-01-01 00:00:01.703224800,OIL,181.0
Flower #1,1957269.0,14917,1702879200.0,2023-12-18,1970-01-01 00:00:01.702879200,WATER,120.0
Gail #1,1971301.0,2917921,1704175200.0,2024-01-02,1970-01-01 00:00:01.704175200,OIL,185.0
Gail #1,1966208.0,2897931,1703743200.0,2023-12-28,1970-01-01 00:00:01.703743200,OIL,189.0
Gail #1,1964176.0,blackgold,1703570400.0,2023-12-26,1970-01-01 00:00:01.703570400,WATER,130.0
Gail #1,1953350.0,014907,1702620000.0,2023-12-15,1970-01-01 00:00:01.702620000,WATER,130.0
Gail #1,1950087.0,,1702360800.0,2023-12-12,1970-01-01 00:00:01.702360800,OIL,120.24
Grissom #1,1974704.0,2939471,1704520800.0,2024-01-06,1970-01-01 00:00:01.704520800,OIL,190.0
Grissom #1,1974705.0,,1704520800.0,2024-01-06,1970-01-01 00:00:01.704520800,OIL,16.7
J Beeler #1,1974644.0,,1704520800.0,2024-01-06,1970-01-01 00:00:01.704520800,OIL,45.09
J Beeler #1,1974645.0,,1704520800.0,2024-01-06,1970-01-01 00:00:01.704520800,OIL,45.09
J Beeler #1,1974646.0,013172,1704520800.0,2024-01-06,1970-01-01 00:00:01.704520800,WATER,130.0
J Beeler #1,1974647.0,2942231,1704520800.0,2024-01-06,1970-01-01 00:00:01.704520800,OIL,184.0
J Beeler #1,1973166.0,013163,1704348000.0,2024-01-04,1970-01-01 00:00:01.704348000,WATER,120.0
J Beeler #1,1972277.0,,1704261600.0,2024-01-03,1970-01-01 00:00:01.704261600,OIL,100.2
J Beeler #1,1972278.0,,1704261600.0,2024-01-03,1970-01-01 00:00:01.704261600,OIL,100.2
J Beeler #1,1971303.0,013153,1704175200.0,2024-01-02,1970-01-01 00:00:01.704175200,WATER,130.0
J Beeler #1,1970026.0,014194,1704088800.0,2024-01-01,1970-01-01 00:00:01.704088800,WATER,130.0
J Beeler #1,1969234.0,014191,1704002400.0,2023-12-31,1970-01-01 00:00:01.704002400,WATER,130.0
J Beeler #1,1968300.0,013974,1703916000.0,2023-12-30,1970-01-01 00:00:01.703916000,WATER,130.0
J Beeler #1,1966084.0,014167,1703743200.0,2023-12-28,1970-01-01 00:00:01.703743200,WATER,130.0
J Beeler #1,1965205.0,014161,1703656800.0,2023-12-27,1970-01-01 00:00:01.703656800,WATER,130.0
J Beeler #1,1964257.0,014994,1703570400.0,2023-12-26,1970-01-01 00:00:01.703570400,WATER,130.0
J Beeler #1,1962390.0,013952,1703397600.0,2023-12-24,1970-01-01 00:00:01.703397600,WATER,130.0
J Beeler #1,1958471.0,014926,1703052000.0,2023-12-20,1970-01-01 00:00:01.703052000,WATER,130.0
J Beeler #1,1947395.0,6697,1702188000.0,2023-12-10,1970-01-01 00:00:01.702188000,WATER,130.0
J Beeler #1,1945726.0,014865,1702015200.0,2023-12-08,1970-01-01 00:00:01.702015200,WATER,120.0
JIC #1,1974699.0,,1704520800.0,2024-01-06,1970-01-01 00:00:01.704520800,OIL,56.78
JIC #1,1973886.0,,1704434400.0,2024-01-05,1970-01-01 00:00:01.704434400,OIL,53.44
JIC #1,1974698.0,2932881,1704434400.0,2024-01-05,1970-01-01 00:00:01.704434400,OIL,188.0
JIC #1,1973048.0,,1704348000.0,2024-01-04,1970-01-01 00:00:01.704348000,OIL,55.11
JIC #1,1973884.0,13169,1704348000.0,2024-01-04,1970-01-01 00:00:01.704348000,WATER,130.0
JIC #1,1973885.0,2932901,1704348000.0,2024-01-04,1970-01-01 00:00:01.704348000,OIL,190.0
JIC #1,1973049.0,2932891,1704261600.0,2024-01-03,1970-01-01 00:00:01.704261600,OIL,191.0
JIC #1,1970467.0,014150,1704088800.0,2024-01-01,1970-01-01 00:00:01.704088800,WATER,130.0
JIC #1,1969475.0,2913671,1704002400.0,2023-12-31,1970-01-01 00:00:01.704002400,OIL,190.0
JIC #1,1969476.0,,1704002400.0,2023-12-31,1970-01-01 00:00:01.704002400,OIL,63.46
JIC #1,1968353.0,13980,1703829600.0,2023-12-29,1970-01-01 00:00:01.703829600,WATER,130.0
JIC #1,1961690.0,,1703311200.0,2023-12-23,1970-01-01 00:00:01.703311200,OIL,70.14
JIC #1,1961691.0,2897941,1703311200.0,2023-12-23,1970-01-01 00:00:01.703311200,OIL,190.0
JIC #1,1960583.0,blackgold,1703138400.0,2023-12-21,1970-01-01 00:00:01.703138400,WATER,120.0
JIC #1,1958449.0,,1703052000.0,2023-12-20,1970-01-01 00:00:01.703052000,OIL,76.82
JIC #1,1958450.0,2886721,1702965600.0,2023-12-19,1970-01-01 00:00:01.702965600,OIL,190.0
JIC #1,1954816.0,14263,1702706400.0,2023-12-16,1970-01-01 00:00:01.702706400,WATER,120.0
JIC #1,1954186.0,14259,1702620000.0,2023-12-15,1970-01-01 00:00:01.702620000,WATER,120.0
JIC #1,1948518.0,,1702274400.0,2023-12-11,1970-01-01 00:00:01.702274400,OIL,88.51
JIC #1,1948517.0,2865841,1702188000.0,2023-12-10,1970-01-01 00:00:01.702188000,OIL,191.0
JIC #1,1946623.0,12278,1702015200.0,2023-12-08,1970-01-01 00:00:01.702015200,WATER,120.0
JIC Buda #1,1969477.0,2920871,1704002400.0,2023-12-31,1970-01-01 00:00:01.704002400,OIL,190.0
JIC Buda #1,1960584.0,2886731,1703138400.0,2023-12-21,1970-01-01 00:00:01.703138400,OIL,190.1
JIC Buda #1,1957268.0,14273,1702879200.0,2023-12-18,1970-01-01 00:00:01.702879200,WATER,120.0
JIC Buda #1,1950122.0,2865851,1702274400.0,2023-12-11,1970-01-01 00:00:01.702274400,OIL,190.0
JIC Buda #1,1946624.0,12279,1702015200.0,2023-12-08,1970-01-01 00:00:01.702015200,WATER,120.0
JIC Buda #1,1945586.0,2856761,1701928800.0,2023-12-07,1970-01-01 00:00:01.701928800,OIL,190.0
JJ #1,1974649.0,013763,1704520800.0,2024-01-06,1970-01-01 00:00:01.704520800,WATER,130.0
JJ #1,1973168.0,013162,1704348000.0,2024-01-04,1970-01-01 00:00:01.704348000,WATER,130.0
JJ #1,1971304.0,blackgold,1704175200.0,2024-01-02,1970-01-01 00:00:01.704175200,WATER,130.0
JJ #1,1970025.0,014112,1704088800.0,2024-01-01,1970-01-01 00:00:01.704088800,WATER,120.0
JJ #1,1969235.0,014108,1704002400.0,2023-12-31,1970-01-01 00:00:01.704002400,WATER,130.0
JJ #1,1967565.0,014987,1703829600.0,2023-12-29,1970-01-01 00:00:01.703829600,WATER,130.0
JJ #1,1960538.0,014936,1703224800.0,2023-12-22,1970-01-01 00:00:01.703224800,WATER,130.0
JJ #1,1959441.0,014980,1703138400.0,2023-12-21,1970-01-01 00:00:01.703138400,WATER,130.0
JJ #1,1958473.0,014977,1703052000.0,2023-12-20,1970-01-01 00:00:01.703052000,WATER,120.0
JJ #1,1953351.0,12097,1702620000.0,2023-12-15,1970-01-01 00:00:01.702620000,WATER,130.0
JJ #1,1952185.0,014896,1702533600.0,2023-12-14,1970-01-01 00:00:01.702533600,WATER,130.0
JJ #1,1951114.0,2875544,1702447200.0,2023-12-13,1970-01-01 00:00:01.702447200,OIL,180.0
JJ #1,1951115.0,,1702447200.0,2023-12-13,1970-01-01 00:00:01.702447200,OIL,55.11
JJ #1,1951116.0,,1702447200.0,2023-12-13,1970-01-01 00:00:01.702447200,OIL,55.11
JJ #1,1948360.0,12288,1702274400.0,2023-12-11,1970-01-01 00:00:01.702274400,WATER,130.0
JJ #1,1947390.0,12282,1702188000.0,2023-12-10,1970-01-01 00:00:01.702188000,WATER,130.0
JJ #1,1947391.0,2859881,1702188000.0,2023-12-10,1970-01-01 00:00:01.702188000,OIL,183.0
JJ #1,1947392.0,,1702188000.0,2023-12-10,1970-01-01 00:00:01.702188000,OIL,53.44
JJ #1,1947393.0,,1702188000.0,2023-12-10,1970-01-01 00:00:01.702188000,OIL,53.44
JJ #1,1945728.0,6689,1702015200.0,2023-12-08,1970-01-01 00:00:01.702015200,WATER,130.0
Jessica #1,1971090.0,014200,1704175200.0,2024-01-02,1970-01-01 00:00:01.704175200,WATER,130.0
Jessica #1,1969236.0,2913661,1704002400.0,2023-12-31,1970-01-01 00:00:01.704002400,OIL,190.0
Jessica #1,1969237.0,014734,1704002400.0,2023-12-31,1970-01-01 00:00:01.704002400,WATER,100.0
Jessica #1,1966189.0,2900611,1703743200.0,2023-12-28,1970-01-01 00:00:01.703743200,OIL,188.0
Jessica #1,1960463.0,014291,1703224800.0,2023-12-22,1970-01-01 00:00:01.703224800,WATER,120.0
Jessica #1,1952182.0,2877381,1702533600.0,2023-12-14,1970-01-01 00:00:01.702533600,OIL,185.0
Joseph #1,1972214.0,14198,1704175200.0,2024-01-02,1970-01-01 00:00:01.704175200,WATER,130.0
Joseph #1,1963175.0,2886741,1703397600.0,2023-12-24,1970-01-01 00:00:01.703397600,OIL,188.0
Joseph #1,1957271.0,14964,1702879200.0,2023-12-18,1970-01-01 00:00:01.702879200,WATER,120.0
Joseph #1,1954817.0,14960,1702792800.0,2023-12-17,1970-01-01 00:00:01.702792800,WATER,120.0
Jred #1,1946024.0,,1702101600.0,2023-12-09,1970-01-01 00:00:01.702101600,OIL,15.37
Jred #1,1944999.0,,1702015200.0,2023-12-08,1970-01-01 00:00:01.702015200,OIL,21.72
Kay #1,1944517.0,2853661,1701842400.0,2023-12-06,1970-01-01 00:00:01.701842400,OIL,190.0
Kiley #1,1971305.0,013992,1704175200.0,2024-01-02,1970-01-01 00:00:01.704175200,WATER,125.0
Kiley #1,1969238.0,014238,1704002400.0,2023-12-31,1970-01-01 00:00:01.704002400,WATER,130.0
Kiley #1,1965206.0,,1703656800.0,2023-12-27,1970-01-01 00:00:01.703656800,OIL,68.47
Kiley #1,1965207.0,2900621,1703656800.0,2023-12-27,1970-01-01 00:00:01.703656800,OIL,178.0
Kiley #1,1963244.0,014155,1703484000.0,2023-12-25,1970-01-01 00:00:01.703484000,WATER,120.0
Kiley #1,1962391.0,014991,1703397600.0,2023-12-24,1970-01-01 00:00:01.703397600,WATER,120.0
Kiley #1,1961301.0,,1703311200.0,2023-12-23,1970-01-01 00:00:01.703311200,OIL,88.51
Kiley #1,1961302.0,2884501,1703311200.0,2023-12-23,1970-01-01 00:00:01.703311200,OIL,190.0
Kiley #1,1960055.0,014934,1703224800.0,2023-12-22,1970-01-01 00:00:01.703224800,WATER,120.0
Kiley #1,1955260.0,014959,1702792800.0,2023-12-17,1970-01-01 00:00:01.702792800,WATER,130.0
Kiley #1,1955988.0,RRG,1702792800.0,2023-12-17,1970-01-01 00:00:01.702792800,WATER,130.0
Kiley #1,1950770.0,2865861,1702447200.0,2023-12-13,1970-01-01 00:00:01.702447200,OIL,136.0
Kiley #1,1950771.0,014895,1702447200.0,2023-12-13,1970-01-01 00:00:01.702447200,WATER,130.0
Kiley #1,1950772.0,,1702447200.0,2023-12-13,1970-01-01 00:00:01.702447200,OIL,50.1
Kiley #1,1950088.0,6678,1702360800.0,2023-12-12,1970-01-01 00:00:01.702360800,WATER,130.0
Kiley #1,1947509.0,2859891,1702188000.0,2023-12-10,1970-01-01 00:00:01.702188000,OIL,191.0
Kiley #1,1947510.0,,1702188000.0,2023-12-10,1970-01-01 00:00:01.702188000,OIL,85.17
Kiley #1,1945729.0,013476,1702015200.0,2023-12-08,1970-01-01 00:00:01.702015200,WATER,120.0
Kiley #1,1944701.0,6683,1701928800.0,2023-12-07,1970-01-01 00:00:01.701928800,WATER,130.0
Kleimann #1,1970460.0,,1704002400.0,2023-12-31,1970-01-01 00:00:01.704002400,OIL,45.09
Kleimann #1,1970461.0,2913681,1704002400.0,2023-12-31,1970-01-01 00:00:01.704002400,OIL,150.0
Kleimann #1,1967411.0,,1703829600.0,2023-12-29,1970-01-01 00:00:01.703829600,OIL,50.1
Kleimann #1,1966324.0,,1703743200.0,2023-12-28,1970-01-01 00:00:01.703743200,OIL,60.12
Kleimann #1,1967410.0,2908151,1703743200.0,2023-12-28,1970-01-01 00:00:01.703743200,OIL,176.0
Kleimann #1,1966323.0,2905921,1703656800.0,2023-12-27,1970-01-01 00:00:01.703656800,OIL,191.0
Kleimann #1,1963916.0,,1703570400.0,2023-12-26,1970-01-01 00:00:01.703570400,OIL,55.11
Kleimann #1,1963917.0,2908161,1703484000.0,2023-12-25,1970-01-01 00:00:01.703484000,OIL,185.0
Kleimann #1,1958457.0,,1703052000.0,2023-12-20,1970-01-01 00:00:01.703052000,OIL,46.76
Kleimann #1,1958458.0,2894581,1703052000.0,2023-12-20,1970-01-01 00:00:01.703052000,OIL,186.0
Kleimann #1,1956062.0,,1702879200.0,2023-12-18,1970-01-01 00:00:01.702879200,OIL,41.75
Kleimann #1,1956063.0,2875081,1702447200.0,2023-12-13,1970-01-01 00:00:01.702447200,OIL,160.0
Kleimann #1,1950127.0,,1702360800.0,2023-12-12,1970-01-01 00:00:01.702360800,OIL,51.77
Kleimann #1,1950126.0,2868161,1702274400.0,2023-12-11,1970-01-01 00:00:01.702274400,OIL,190.0
Kleimann #1,1947465.0,,1702188000.0,2023-12-10,1970-01-01 00:00:01.702188000,OIL,56.78
Kleimann #1,1947464.0,2864731,1702101600.0,2023-12-09,1970-01-01 00:00:01.702101600,OIL,190.0
LT #1,1973887.0,13759,1704348000.0,2024-01-04,1970-01-01 00:00:01.704348000,WATER,120.0
LT #1,1972204.0,2955621,1704175200.0,2024-01-02,1970-01-01 00:00:01.704175200,OIL,181.0
La Rosita #1 RE,1973427.0,014119,1704348000.0,2024-01-04,1970-01-01 00:00:01.704348000,WATER,130.0
La Rosita #1 RE,1973429.0,2936911,1704348000.0,2024-01-04,1970-01-01 00:00:01.704348000,OIL,188.7
La Rosita #1 RE,1973430.0,2932921,1704348000.0,2024-01-04,1970-01-01 00:00:01.704348000,OIL,188.5
La Rosita #1 RE,1970231.0,014149,1704088800.0,2024-01-01,1970-01-01 00:00:01.704088800,WATER,130.0
La Rosita #1 RE,1971299.0,2927391,1704088800.0,2024-01-01,1970-01-01 00:00:01.704088800,OIL,190.0
La Rosita #1 RE,1969252.0,2923621,1704002400.0,2023-12-31,1970-01-01 00:00:01.704002400,OIL,193.0
La Rosita #1 RE,1967219.0,014101,1703829600.0,2023-12-29,1970-01-01 00:00:01.703829600,WATER,130.0
La Rosita #1 RE,1967220.0,2917971,1703829600.0,2023-12-29,1970-01-01 00:00:01.703829600,OIL,192.9
La Rosita #1 RE,1966340.0,2913691,1703656800.0,2023-12-27,1970-01-01 00:00:01.703656800,OIL,181.3
La Rosita #1 RE,1963987.0,,1703570400.0,2023-12-26,1970-01-01 00:00:01.703570400,OIL,363.2
La Rosita #1 RE,1964896.0,2910231,1703570400.0,2023-12-26,1970-01-01 00:00:01.703570400,OIL,182.3
La Rosita #1 RE,1964897.0,013964,1703570400.0,2023-12-26,1970-01-01 00:00:01.703570400,WATER,130.0
La Rosita #1 RE,1964899.0,2905931,1703570400.0,2023-12-26,1970-01-01 00:00:01.703570400,OIL,192.9
La Rosita #1 RE,1962418.0,2900631,1703311200.0,2023-12-23,1970-01-01 00:00:01.703311200,OIL,191.0
La Rosita #1 RE,1960641.0,,1703224800.0,2023-12-22,1970-01-01 00:00:01.703224800,OIL,227.0
La Rosita #1 RE,1960642.0,014295,1703224800.0,2023-12-22,1970-01-01 00:00:01.703224800,WATER,130.0
La Rosita #1 RE,1959522.0,014932,1703138400.0,2023-12-21,1970-01-01 00:00:01.703138400,WATER,130.0
La Rosita #1 RE,1959525.0,,1703138400.0,2023-12-21,1970-01-01 00:00:01.703138400,OIL,83.99
La Rosita #1 RE,1960646.0,2889971,1703138400.0,2023-12-21,1970-01-01 00:00:01.703138400,OIL,190.0
La Rosita #1 RE,1958421.0,,1703052000.0,2023-12-20,1970-01-01 00:00:01.703052000,OIL,24.97
La Rosita #1 RE,1958422.0,2894611,1703052000.0,2023-12-20,1970-01-01 00:00:01.703052000,OIL,188.3
La Rosita #1 RE,1959524.0,2894601,1703052000.0,2023-12-20,1970-01-01 00:00:01.703052000,OIL,188.4
La Rosita #1 RE,1955930.0,2886761,1702879200.0,2023-12-18,1970-01-01 00:00:01.702879200,OIL,190.4
La Rosita #1 RE,1954729.0,2884511,1702792800.0,2023-12-17,1970-01-01 00:00:01.702792800,OIL,190.1
La Rosita #1 RE,1953251.0,014257,1702620000.0,2023-12-15,1970-01-01 00:00:01.702620000,WATER,130.0
La Rosita #1 RE,1954171.0,014258,1702620000.0,2023-12-15,1970-01-01 00:00:01.702620000,WATER,130.0
La Rosita #1 RE,1952230.0,014251,1702533600.0,2023-12-14,1970-01-01 00:00:01.702533600,WATER,130.0
La Rosita #1 RE,1951327.0,,1702447200.0,2023-12-13,1970-01-01 00:00:01.702447200,OIL,56.75
La Rosita #1 RE,1951328.0,2875091,1702447200.0,2023-12-13,1970-01-01 00:00:01.702447200,OIL,159.0
La Rosita #1 RE,1947516.0,,1702188000.0,2023-12-10,1970-01-01 00:00:01.702188000,OIL,15.89
La Rosita #1 RE,1947517.0,,1702188000.0,2023-12-10,1970-01-01 00:00:01.702188000,OIL,18.16
La Rosita #1 RE,1947518.0,2859901,1702101600.0,2023-12-09,1970-01-01 00:00:01.702101600,OIL,188.1
La Rosita #1 RE,1945815.0,,1702015200.0,2023-12-08,1970-01-01 00:00:01.702015200,OIL,183.87
La Rosita #1 RE,1944671.0,,1701928800.0,2023-12-07,1970-01-01 00:00:01.701928800,OIL,93.07
La Rosita #1 RE,1945817.0,2856801,1701928800.0,2023-12-07,1970-01-01 00:00:01.701928800,OIL,185.7
La Rosita #1 RE,1944672.0,2853671,1701842400.0,2023-12-06,1970-01-01 00:00:01.701842400,OIL,188.2
Lackey Five #1,1972217.0,2925581,1704261600.0,2024-01-03,1970-01-01 00:00:01.704261600,OIL,185.0
Lackey Five #1,1960588.0,2894621,1703224800.0,2023-12-22,1970-01-01 00:00:01.703224800,OIL,190.6
Lamb #1,1974269.0,013761,1704434400.0,2024-01-05,1970-01-01 00:00:01.704434400,WATER,130.0
Lamb #1,1973440.0,014118,1704348000.0,2024-01-04,1970-01-01 00:00:01.704348000,WATER,100.0
Lamb #1,1972599.0,014115,1704261600.0,2024-01-03,1970-01-01 00:00:01.704261600,WATER,110.0
Lamb #1,1971298.0,013702,1704175200.0,2024-01-02,1970-01-01 00:00:01.704175200,WATER,120.0
Lamb #1,1971711.0,013154,1704175200.0,2024-01-02,1970-01-01 00:00:01.704175200,WATER,120.0
Lamb #1,1970227.0,014147,1704088800.0,2024-01-01,1970-01-01 00:00:01.704088800,WATER,130.0
Lamb #1,1970228.0,2925591,1704002400.0,2023-12-31,1970-01-01 00:00:01.704002400,OIL,180.0
Lamb #1,1969250.0,013990,1703916000.0,2023-12-30,1970-01-01 00:00:01.703916000,WATER,130.0
Lamb #1,1967883.0,014181,1703829600.0,2023-12-29,1970-01-01 00:00:01.703829600,WATER,130.0
Lamb #1,1966908.0,014172,1703743200.0,2023-12-28,1970-01-01 00:00:01.703743200,WATER,130.0
Lamb #1,1965779.0,013971,1703656800.0,2023-12-27,1970-01-01 00:00:01.703656800,WATER,130.0
Lamb #1,1964499.0,013968,1703570400.0,2023-12-26,1970-01-01 00:00:01.703570400,WATER,130.0
Lamb #1,1963980.0,014160,1703484000.0,2023-12-25,1970-01-01 00:00:01.703484000,WATER,130.0
Lamb #1,1962823.0,014152,1703397600.0,2023-12-24,1970-01-01 00:00:01.703397600,WATER,120.0
Lander #1,1974061.0,013758,1704434400.0,2024-01-05,1970-01-01 00:00:01.704434400,WATER,130.0
Lander #1,1972279.0,Blaxkgold,1704261600.0,2024-01-03,1970-01-01 00:00:01.704261600,WATER,120.0
Lander #1,1971306.0,013156,1704175200.0,2024-01-02,1970-01-01 00:00:01.704175200,WATER,130.0
Lander #1,1969239.0,2925601,1704002400.0,2023-12-31,1970-01-01 00:00:01.704002400,OIL,193.0
Lander #1,1969240.0,,1704002400.0,2023-12-31,1970-01-01 00:00:01.704002400,OIL,93.52
Lander #1,1966160.0,013981,1703743200.0,2023-12-28,1970-01-01 00:00:01.703743200,WATER,130.0
Lander #1,1964178.0,014157,1703570400.0,2023-12-26,1970-01-01 00:00:01.703570400,WATER,120.0
Lander #1,1961412.0,014986,1703311200.0,2023-12-23,1970-01-01 00:00:01.703311200,WATER,120.0
Lander #1,1960539.0,013576,1703224800.0,2023-12-22,1970-01-01 00:00:01.703224800,WATER,130.0
Lander #1,1958516.0,014283,1703052000.0,2023-12-20,1970-01-01 00:00:01.703052000,WATER,130.0
Lander #1,1958517.0,2882221,1703052000.0,2023-12-20,1970-01-01 00:00:01.703052000,OIL,183.0
Lander #1,1955261.0,014909,1702792800.0,2023-12-17,1970-01-01 00:00:01.702792800,WATER,120.0
Lander #1,1952186.0,014952,1702533600.0,2023-12-14,1970-01-01 00:00:01.702533600,WATER,130.0
Lander #1,1950000.0,014894,1702360800.0,2023-12-12,1970-01-01 00:00:01.702360800,WATER,125.0
Lander #1,1945730.0,014866,1702015200.0,2023-12-08,1970-01-01 00:00:01.702015200,WATER,120.0
Leary Trust #1,1968354.0,13983,1703829600.0,2023-12-29,1970-01-01 00:00:01.703829600,WATER,128.0
Leary Trust #1,1963174.0,2900651,1703397600.0,2023-12-24,1970-01-01 00:00:01.703397600,OIL,189.0
Leary Trust #1,1948519.0,2865871,1702188000.0,2023-12-10,1970-01-01 00:00:01.702188000,OIL,190.0
Leary Trust #1,1948520.0,12284,1702188000.0,2023-12-10,1970-01-01 00:00:01.702188000,WATER,120.0
Little 179 #1,1974544.0,,1704520800.0,2024-01-06,1970-01-01 00:00:01.704520800,OIL,16.7
Little 179 #1,1974545.0,,1704520800.0,2024-01-06,1970-01-01 00:00:01.704520800,OIL,16.7
Little 179 #1,1974546.0,2939511,1704520800.0,2024-01-06,1970-01-01 00:00:01.704520800,OIL,190.0
Little 179 #1,1974547.0,,1704520800.0,2024-01-06,1970-01-01 00:00:01.704520800,OIL,16.7
Little 179 #1,1974062.0,2939531,1704434400.0,2024-01-05,1970-01-01 00:00:01.704434400,OIL,182.0
Little 179 #1,1973169.0,2917991,1704348000.0,2024-01-04,1970-01-01 00:00:01.704348000,OIL,188.0
Little 179 #1,1968086.0,,1703916000.0,2023-12-30,1970-01-01 00:00:01.703916000,OIL,16.7
Little 179 #1,1968087.0,2917981,1703916000.0,2023-12-30,1970-01-01 00:00:01.703916000,OIL,183.0
Little 179 #1,1968088.0,,1703916000.0,2023-12-30,1970-01-01 00:00:01.703916000,OIL,16.7
Little 179 #1,1968089.0,,1703916000.0,2023-12-30,1970-01-01 00:00:01.703916000,OIL,16.7
Little 179 #1,1967176.0,2910251,1703829600.0,2023-12-29,1970-01-01 00:00:01.703829600,OIL,185.0
Little 179 #1,1967177.0,,1703829600.0,2023-12-29,1970-01-01 00:00:01.703829600,OIL,25.05
Little 179 #1,1967178.0,,1703829600.0,2023-12-29,1970-01-01 00:00:01.703829600,OIL,25.05
Little 179 #1,1967179.0,12100,1703829600.0,2023-12-29,1970-01-01 00:00:01.703829600,WATER,130.0
Little 179 #1,1967180.0,,1703829600.0,2023-12-29,1970-01-01 00:00:01.703829600,OIL,25.05
Little 179 #1,1965208.0,013967,1703656800.0,2023-12-27,1970-01-01 00:00:01.703656800,WATER,130.0
Little 179 #1,1959349.0,,1703138400.0,2023-12-21,1970-01-01 00:00:01.703138400,OIL,33.4
Little 179 #1,1959350.0,2889981,1703138400.0,2023-12-21,1970-01-01 00:00:01.703138400,OIL,170.0
Little 179 #1,1959351.0,,1703138400.0,2023-12-21,1970-01-01 00:00:01.703138400,OIL,33.4
Little 179 #1,1959352.0,,1703138400.0,2023-12-21,1970-01-01 00:00:01.703138400,OIL,33.4
Little 179 #1,1958063.0,014925,1703052000.0,2023-12-20,1970-01-01 00:00:01.703052000,WATER,120.0
Little 179 #1,1957883.0,2884521,1702965600.0,2023-12-19,1970-01-01 00:00:01.702965600,OIL,188.0
Little 179 #1,1957884.0,,1702965600.0,2023-12-19,1970-01-01 00:00:01.702965600,OIL,43.42
Little 179 #1,1957885.0,,1702965600.0,2023-12-19,1970-01-01 00:00:01.702965600,OIL,43.42
Little 179 #1,1957886.0,,1702965600.0,2023-12-19,1970-01-01 00:00:01.702965600,OIL,43.42
Little 179 #1,1957887.0,014272,1702965600.0,2023-12-19,1970-01-01 00:00:01.702965600,WATER,130.0
Little 179 #1,1955994.0,2886771,1702879200.0,2023-12-18,1970-01-01 00:00:01.702879200,OIL,188.3
Little 179 #1,1955995.0,,1702879200.0,2023-12-18,1970-01-01 00:00:01.702879200,OIL,33.4
Little 179 #1,1955996.0,,1702879200.0,2023-12-18,1970-01-01 00:00:01.702879200,OIL,33.4
Little 179 #1,1955997.0,,1702879200.0,2023-12-18,1970-01-01 00:00:01.702879200,OIL,33.4
Little 179 #1,1955998.0,RRG,1702879200.0,2023-12-18,1970-01-01 00:00:01.702879200,WATER,130.0
Little 179 #1,1955262.0,,1702792800.0,2023-12-17,1970-01-01 00:00:01.702792800,OIL,50.1
Little 179 #1,1955263.0,2882231,1702792800.0,2023-12-17,1970-01-01 00:00:01.702792800,OIL,183.0
Little 179 #1,1955264.0,,1702792800.0,2023-12-17,1970-01-01 00:00:01.702792800,OIL,21.71
Little 179 #1,1955265.0,,1702792800.0,2023-12-17,1970-01-01 00:00:01.702792800,OIL,21.71
Little 179 #1,1954256.0,2879541,1702706400.0,2023-12-16,1970-01-01 00:00:01.702706400,OIL,190.0
Little 179 #1,1954257.0,,1702706400.0,2023-12-16,1970-01-01 00:00:01.702706400,OIL,28.39
Little 179 #1,1954258.0,,1702706400.0,2023-12-16,1970-01-01 00:00:01.702706400,OIL,28.39
Little 179 #1,1946783.0,014871,1702101600.0,2023-12-09,1970-01-01 00:00:01.702101600,WATER,120.0
Little 179 #1,1945731.0,,1702015200.0,2023-12-08,1970-01-01 00:00:01.702015200,OIL,25.05
Little 179 #1,1945732.0,2856811,1702015200.0,2023-12-08,1970-01-01 00:00:01.702015200,OIL,182.0
Little 179 #1,1945733.0,,1702015200.0,2023-12-08,1970-01-01 00:00:01.702015200,OIL,25.05
Little 179 #1,1945734.0,,1702015200.0,2023-12-08,1970-01-01 00:00:01.702015200,OIL,25.05
Lochte #1,1973855.0,2932931,1704348000.0,2024-01-04,1970-01-01 00:00:01.704348000,OIL,190.1
Lochte #1,1961456.0,2900661,1703224800.0,2023-12-22,1970-01-01 00:00:01.703224800,OIL,191.4
Lochte #1,1945549.0,2856821,1701928800.0,2023-12-07,1970-01-01 00:00:01.701928800,OIL,182.0
MDB #1,1973052.0,2925631,1704261600.0,2024-01-03,1970-01-01 00:00:01.704261600,OIL,183.0
MDB #1,1961693.0,2897981,1703311200.0,2023-12-23,1970-01-01 00:00:01.703311200,OIL,158.0
MDB #1,1952517.0,12295,1702533600.0,2023-12-14,1970-01-01 00:00:01.702533600,WATER,125.0
MDB #1,1948522.0,2868171,1702274400.0,2023-12-11,1970-01-01 00:00:01.702274400,OIL,158.0
Marguerite #1,1965209.0,2900671,1703656800.0,2023-12-27,1970-01-01 00:00:01.703656800,OIL,190.0
Marguerite #1,1952183.0,12300,1702533600.0,2023-12-14,1970-01-01 00:00:01.702533600,WATER,120.0
Marpick #1,1965210.0,2903521,1703656800.0,2023-12-27,1970-01-01 00:00:01.703656800,OIL,170.0
Marpick #1,1962196.0,013953,1703397600.0,2023-12-24,1970-01-01 00:00:01.703397600,WATER,121.0
Marrs #1,1970974.0,013703,1704175200.0,2024-01-02,1970-01-01 00:00:01.704175200,WATER,130.0
Marrs #1,1969241.0,2923631,1704002400.0,2023-12-31,1970-01-01 00:00:01.704002400,OIL,190.0
Marrs #1,1969242.0,,1704002400.0,2023-12-31,1970-01-01 00:00:01.704002400,OIL,73.48
Marrs #1,1964180.0,014996,1703570400.0,2023-12-26,1970-01-01 00:00:01.703570400,WATER,120.0
Marrs #1,1963245.0,2908171,1703484000.0,2023-12-25,1970-01-01 00:00:01.703484000,OIL,185.0
Marrs #1,1963246.0,,1703484000.0,2023-12-25,1970-01-01 00:00:01.703484000,OIL,70.14
Marrs #1,1960307.0,,1703224800.0,2023-12-22,1970-01-01 00:00:01.703224800,OIL,73.48
Marrs #1,1960308.0,2897971,1703224800.0,2023-12-22,1970-01-01 00:00:01.703224800,OIL,191.0
Marrs #1,1957220.0,014924,1702965600.0,2023-12-19,1970-01-01 00:00:01.702965600,WATER,120.0
Marrs #1,1956018.0,,1702879200.0,2023-12-18,1970-01-01 00:00:01.702879200,OIL,78.49
Marrs #1,1956017.0,2884531,1702792800.0,2023-12-17,1970-01-01 00:00:01.702792800,OIL,190.1
Marrs #1,1953352.0,blackgold,1702620000.0,2023-12-15,1970-01-01 00:00:01.702620000,WATER,130.0
Marrs #1,1948292.0,2865881,1702274400.0,2023-12-11,1970-01-01 00:00:01.702274400,OIL,190.0
Marrs #1,1948293.0,,1702274400.0,2023-12-11,1970-01-01 00:00:01.702274400,OIL,86.84
Marrs #1,1947237.0,6676,1702188000.0,2023-12-10,1970-01-01 00:00:01.702188000,WATER,130.0
PC #1,1974543.0,2923641,1704520800.0,2024-01-06,1970-01-01 00:00:01.704520800,OIL,190.0
PC #1,1956026.0,RRG,1702792800.0,2023-12-17,1970-01-01 00:00:01.702792800,WATER,120.0
Parkway #1,1974701.0,13175,1704434400.0,2024-01-05,1970-01-01 00:00:01.704434400,WATER,120.0
Parkway #1,1973050.0,2932941,1704348000.0,2024-01-04,1970-01-01 00:00:01.704348000,OIL,183.0
Parkway #1,1973051.0,,1704348000.0,2024-01-04,1970-01-01 00:00:01.704348000,OIL,56.78
Parkway #1,1972205.0,,1704261600.0,2024-01-03,1970-01-01 00:00:01.704261600,OIL,35.07
Parkway #1,1972206.0,2929851,1704175200.0,2024-01-02,1970-01-01 00:00:01.704175200,OIL,172.0
Parkway #1,1970468.0,2925641,1704088800.0,2024-01-01,1970-01-01 00:00:01.704088800,OIL,188.0
Parkway #1,1970469.0,,1704088800.0,2024-01-01,1970-01-01 00:00:01.704088800,OIL,33.4
Parkway #1,1970470.0,014193,1704088800.0,2024-01-01,1970-01-01 00:00:01.704088800,WATER,130.0
Parkway #1,1966314.0,,1703743200.0,2023-12-28,1970-01-01 00:00:01.703743200,OIL,53.44
Parkway #1,1966313.0,2913701,1703656800.0,2023-12-27,1970-01-01 00:00:01.703656800,OIL,153.0
Parkway #1,1966315.0,14165,1703656800.0,2023-12-27,1970-01-01 00:00:01.703656800,WATER,130.0
Parkway #1,1962612.0,2905941,1703397600.0,2023-12-24,1970-01-01 00:00:01.703397600,OIL,188.0
Parkway #1,1962613.0,,1703397600.0,2023-12-24,1970-01-01 00:00:01.703397600,OIL,53.44
Parkway #1,1959546.0,,1703138400.0,2023-12-21,1970-01-01 00:00:01.703138400,OIL,51.77
Parkway #1,1959547.0,2897991,1703138400.0,2023-12-21,1970-01-01 00:00:01.703138400,OIL,190.0
Parkway #1,1958451.0,,1703052000.0,2023-12-20,1970-01-01 00:00:01.703052000,OIL,58.45
Parkway #1,1958452.0,2886781,1702965600.0,2023-12-19,1970-01-01 00:00:01.702965600,OIL,180.0
Parkway #1,1956060.0,14963,1702792800.0,2023-12-17,1970-01-01 00:00:01.702792800,WATER,120.0
Parkway #1,1953446.0,,1702620000.0,2023-12-15,1970-01-01 00:00:01.702620000,OIL,48.43
Parkway #1,1953447.0,2879551,1702620000.0,2023-12-15,1970-01-01 00:00:01.702620000,OIL,188.0
Parkway #1,1952513.0,,1702533600.0,2023-12-14,1970-01-01 00:00:01.702533600,OIL,41.75
Parkway #1,1952514.0,2875101,1702533600.0,2023-12-14,1970-01-01 00:00:01.702533600,OIL,186.0
Parkway #1,1952515.0,12294,1702533600.0,2023-12-14,1970-01-01 00:00:01.702533600,WATER,120.0
Parkway #1,1950124.0,,1702360800.0,2023-12-12,1970-01-01 00:00:01.702360800,OIL,56.78
Parkway #1,1950123.0,2868181,1702274400.0,2023-12-11,1970-01-01 00:00:01.702274400,OIL,190.0
Parkway #1,1946625.0,14872,1702015200.0,2023-12-08,1970-01-01 00:00:01.702015200,WATER,120.0
Parkway #1,1944515.0,2856831,1701928800.0,2023-12-07,1970-01-01 00:00:01.701928800,OIL,169.0
Parkway #1,1944516.0,,1701928800.0,2023-12-07,1970-01-01 00:00:01.701928800,OIL,46.76
Pfeiffer #1,1963176.0,2894631,1703397600.0,2023-12-24,1970-01-01 00:00:01.703397600,OIL,185.0
Pfeiffer-Byrd #1,1972202.0,,1704261600.0,2024-01-03,1970-01-01 00:00:01.704261600,OIL,113.56
Pfeiffer-Byrd #1,1972203.0,,1704261600.0,2024-01-03,1970-01-01 00:00:01.704261600,OIL,113.56
Pfeiffer-Byrd #1,1971408.0,,1704175200.0,2024-01-02,1970-01-01 00:00:01.704175200,OIL,58.45
Pfeiffer-Byrd #1,1971409.0,,1704175200.0,2024-01-02,1970-01-01 00:00:01.704175200,OIL,58.45
Pfeiffer-Byrd #1,1971411.0,2923681,1704175200.0,2024-01-02,1970-01-01 00:00:01.704175200,OIL,185.0
Pfeiffer-Byrd #1,1972201.0,2929862,1704175200.0,2024-01-02,1970-01-01 00:00:01.704175200,OIL,179.0
Pfeiffer-Byrd #1,1970463.0,2926641,1704088800.0,2024-01-01,1970-01-01 00:00:01.704088800,OIL,185.0
Pfeiffer-Byrd #1,1968351.0,2923651,1703916000.0,2023-12-30,1970-01-01 00:00:01.703916000,OIL,190.0
Pfeiffer-Byrd #1,1968352.0,,1703916000.0,2023-12-30,1970-01-01 00:00:01.703916000,OIL,125.25
Pfeiffer-Byrd #1,1966302.0,2918191,1703743200.0,2023-12-28,1970-01-01 00:00:01.703743200,OIL,185.0
Pfeiffer-Byrd #1,1963172.0,2898001,1703224800.0,2023-12-22,1970-01-01 00:00:01.703224800,OIL,188.0
Pfeiffer-Byrd #1,1959543.0,2894681,1703138400.0,2023-12-21,1970-01-01 00:00:01.703138400,OIL,188.0
Pfeiffer-Byrd #1,1958441.0,2894661,1703052000.0,2023-12-20,1970-01-01 00:00:01.703052000,OIL,175.0
Pfeiffer-Byrd #1,1958442.0,14975,1703052000.0,2023-12-20,1970-01-01 00:00:01.703052000,WATER,15.0
Pfeiffer-Byrd #1,1957257.0,14922,1702965600.0,2023-12-19,1970-01-01 00:00:01.702965600,WATER,30.0
Pfeiffer-Byrd #1,1957260.0,2889991,1702965600.0,2023-12-19,1970-01-01 00:00:01.702965600,OIL,181.0
Pfeiffer-Byrd #1,1956239.0,2879581,1702620000.0,2023-12-15,1970-01-01 00:00:01.702620000,OIL,190.0
Pickens #1,1951113.0,2863811,1702447200.0,2023-12-13,1970-01-01 00:00:01.702447200,OIL,190.0
Pickens Weaver #1,1967397.0,2908181,1703829600.0,2023-12-29,1970-01-01 00:00:01.703829600,OIL,190.0
Pickens Weaver #1,1961479.0,014589,1703311200.0,2023-12-23,1970-01-01 00:00:01.703311200,WATER,120.0
Pickens Weaver #1,1947511.0,014765,1702188000.0,2023-12-10,1970-01-01 00:00:01.702188000,WATER,120.0
Pickwill #1,1967262.0,013959,1703829600.0,2023-12-29,1970-01-01 00:00:01.703829600,WATER,130.0
Pickwill #1,1960456.0,2894691,1703224800.0,2023-12-22,1970-01-01 00:00:01.703224800,OIL,190.0
Pickwill #1,1952187.0,014900,1702533600.0,2023-12-14,1970-01-01 00:00:01.702533600,WATER,125.0
Pickwill #1,1952188.0,2875121,1702533600.0,2023-12-14,1970-01-01 00:00:01.702533600,OIL,180.0
RAB #1,1972281.0,013164,1704261600.0,2024-01-03,1970-01-01 00:00:01.704261600,WATER,120.0
RAB #1,1971307.0,013704,1704175200.0,2024-01-02,1970-01-01 00:00:01.704175200,WATER,130.0
RAB #1,1971308.0,,1704175200.0,2024-01-02,1970-01-01 00:00:01.704175200,OIL,31.73
RAB #1,1971309.0,,1704175200.0,2024-01-02,1970-01-01 00:00:01.704175200,OIL,31.73
RAB #1,1971310.0,,1704175200.0,2024-01-02,1970-01-01 00:00:01.704175200,OIL,31.73
RAB #1,1971311.0,2918011,1704175200.0,2024-01-02,1970-01-01 00:00:01.704175200,OIL,185.0
RAB #1,1969243.0,014192,1704002400.0,2023-12-31,1970-01-01 00:00:01.704002400,WATER,130.0
RAB #1,1968115.0,014103,1703916000.0,2023-12-30,1970-01-01 00:00:01.703916000,WATER,130.0
RAB #1,1967028.0,,1703829600.0,2023-12-29,1970-01-01 00:00:01.703829600,OIL,33.4
RAB #1,1967029.0,,1703829600.0,2023-12-29,1970-01-01 00:00:01.703829600,OIL,33.4
RAB #1,1967031.0,144702,1703829600.0,2023-12-29,1970-01-01 00:00:01.703829600,WATER,130.0
RAB #1,1967032.0,2910261,1703829600.0,2023-12-29,1970-01-01 00:00:01.703829600,OIL,190.0
RAB #1,1967033.0,,1703829600.0,2023-12-29,1970-01-01 00:00:01.703829600,OIL,33.4
RAB #1,1965211.0,014162,1703656800.0,2023-12-27,1970-01-01 00:00:01.703656800,WATER,120.0
RAB #1,1963247.0,014995,1703484000.0,2023-12-25,1970-01-01 00:00:01.703484000,WATER,120.0
RAB #1,1962393.0,014299,1703397600.0,2023-12-24,1970-01-01 00:00:01.703397600,WATER,120.0
RAB #1,1961296.0,014985,1703311200.0,2023-12-23,1970-01-01 00:00:01.703311200,WATER,130.0
RAB #1,1959225.0,,1703138400.0,2023-12-21,1970-01-01 00:00:01.703138400,OIL,30.06
RAB #1,1959226.0,,1703138400.0,2023-12-21,1970-01-01 00:00:01.703138400,OIL,30.06
RAB #1,1959227.0,014978,1703138400.0,2023-12-21,1970-01-01 00:00:01.703138400,WATER,120.0
RAB #1,1959228.0,,1703138400.0,2023-12-21,1970-01-01 00:00:01.703138400,OIL,30.06
RAB #1,1959229.0,2890031,1703138400.0,2023-12-21,1970-01-01 00:00:01.703138400,OIL,170.0
RAB #1,1958250.0,,1703052000.0,2023-12-20,1970-01-01 00:00:01.703052000,OIL,36.74
RAB #1,1958251.0,,1703052000.0,2023-12-20,1970-01-01 00:00:01.703052000,OIL,36.74
RAB #1,1958252.0,,1703052000.0,2023-12-20,1970-01-01 00:00:01.703052000,OIL,36.74
RAB #1,1958253.0,2890041,1703052000.0,2023-12-20,1970-01-01 00:00:01.703052000,OIL,190.0
RAB #1,1955266.0,,1702792800.0,2023-12-17,1970-01-01 00:00:01.702792800,OIL,38.41
RAB #1,1955267.0,2884551,1702792800.0,2023-12-17,1970-01-01 00:00:01.702792800,OIL,190.0
RAB #1,1955269.0,014914,1702792800.0,2023-12-17,1970-01-01 00:00:01.702792800,WATER,120.0
RAB #1,1955270.0,,1702792800.0,2023-12-17,1970-01-01 00:00:01.702792800,OIL,38.41
RAB #1,1955271.0,,1702792800.0,2023-12-17,1970-01-01 00:00:01.702792800,OIL,38.41
RAB #1,1954259.0,014908,1702706400.0,2023-12-16,1970-01-01 00:00:01.702706400,WATER,120.0
RAB #1,1953353.0,2877491,1702620000.0,2023-12-15,1970-01-01 00:00:01.702620000,OIL,190.0
RAB #1,1953354.0,,1702620000.0,2023-12-15,1970-01-01 00:00:01.702620000,OIL,25.05
RAB #1,1953355.0,,1702620000.0,2023-12-15,1970-01-01 00:00:01.702620000,OIL,25.05
RAB #1,1953356.0,,1702620000.0,2023-12-15,1970-01-01 00:00:01.702620000,OIL,25.05
RAB #1,1953357.0,014955,1702620000.0,2023-12-15,1970-01-01 00:00:01.702620000,WATER,130.0
RAB #1,1950775.0,014898,1702447200.0,2023-12-13,1970-01-01 00:00:01.702447200,WATER,130.0
RAB #1,1950089.0,,1702360800.0,2023-12-12,1970-01-01 00:00:01.702360800,OIL,26.72
RAB #1,1950090.0,2871171,1702360800.0,2023-12-12,1970-01-01 00:00:01.702360800,OIL,188.0
RAB #1,1950091.0,,1702360800.0,2023-12-12,1970-01-01 00:00:01.702360800,OIL,26.72
RAB #1,1950092.0,,1702360800.0,2023-12-12,1970-01-01 00:00:01.702360800,OIL,26.72
RAB #1,1950094.0,12293,1702360800.0,2023-12-12,1970-01-01 00:00:01.702360800,WATER,130.0
RAB #1,1946784.0,014870,1702101600.0,2023-12-09,1970-01-01 00:00:01.702101600,WATER,120.0
RAB #1,1945735.0,,1702015200.0,2023-12-08,1970-01-01 00:00:01.702015200,OIL,86.84
RAB #1,1945736.0,,1702015200.0,2023-12-08,1970-01-01 00:00:01.702015200,OIL,86.84
RAB #1,1945737.0,12273,1702015200.0,2023-12-08,1970-01-01 00:00:01.702015200,WATER,130.0
RAB #1,1945738.0,,1702015200.0,2023-12-08,1970-01-01 00:00:01.702015200,OIL,86.84
RAB #1,1945740.0,2853691,1702015200.0,2023-12-08,1970-01-01 00:00:01.702015200,OIL,188.0
RAB #1,1944702.0,6688,1701928800.0,2023-12-07,1970-01-01 00:00:01.701928800,WATER,130.0
RAB #2,1974536.0,,1704520800.0,2024-01-06,1970-01-01 00:00:01.704520800,OIL,71.81
RAB #2,1974537.0,2939561,1704520800.0,2024-01-06,1970-01-01 00:00:01.704520800,OIL,190.0
RAB #2,1974538.0,,1704520800.0,2024-01-06,1970-01-01 00:00:01.704520800,OIL,71.81
RAB #2,1974539.0,2939581,1704520800.0,2024-01-06,1970-01-01 00:00:01.704520800,OIL,190.0
RAB #2,1973170.0,,1704348000.0,2024-01-04,1970-01-01 00:00:01.704348000,OIL,21.71
RAB #2,1973171.0,,1704348000.0,2024-01-04,1970-01-01 00:00:01.704348000,OIL,21.71
RAB #2,1973172.0,2918041,1704348000.0,2024-01-04,1970-01-01 00:00:01.704348000,OIL,190.0
RAB #2,1973173.0,,1704348000.0,2024-01-04,1970-01-01 00:00:01.704348000,OIL,21.71
RAB #2,1968817.0,014105,1704002400.0,2023-12-31,1970-01-01 00:00:01.704002400,WATER,130.0
RAB #2,1967079.0,2913721,1703829600.0,2023-12-29,1970-01-01 00:00:01.703829600,OIL,182.0
RAB #2,1967080.0,,1703829600.0,2023-12-29,1970-01-01 00:00:01.703829600,OIL,63.46
RAB #2,1967081.0,,1703829600.0,2023-12-29,1970-01-01 00:00:01.703829600,OIL,63.46
RAB #2,1967082.0,2913711,1703829600.0,2023-12-29,1970-01-01 00:00:01.703829600,OIL,175.0
RAB #2,1965881.0,2910271,1703743200.0,2023-12-28,1970-01-01 00:00:01.703743200,OIL,190.0
RAB #2,1965882.0,,1703743200.0,2023-12-28,1970-01-01 00:00:01.703743200,OIL,23.38
RAB #2,1965883.0,,1703743200.0,2023-12-28,1970-01-01 00:00:01.703743200,OIL,23.38
RAB #2,1965884.0,,1703743200.0,2023-12-28,1970-01-01 00:00:01.703743200,OIL,23.38
RAB #2,1965212.0,2908191,1703656800.0,2023-12-27,1970-01-01 00:00:01.703656800,OIL,190.0
RAB #2,1963248.0,2905951,1703484000.0,2023-12-25,1970-01-01 00:00:01.703484000,OIL,193.0
RAB #2,1962077.0,,1703397600.0,2023-12-24,1970-01-01 00:00:01.703397600,OIL,15.03
RAB #2,1962078.0,2900681,1703397600.0,2023-12-24,1970-01-01 00:00:01.703397600,OIL,192.0
RAB #2,1962079.0,,1703397600.0,2023-12-24,1970-01-01 00:00:01.703397600,OIL,75.15
RAB #2,1962080.0,,1703397600.0,2023-12-24,1970-01-01 00:00:01.703397600,OIL,15.03
RAB #2,1960254.0,,1703224800.0,2023-12-22,1970-01-01 00:00:01.703224800,OIL,66.8
RAB #2,1960255.0,,1703224800.0,2023-12-22,1970-01-01 00:00:01.703224800,OIL,66.8
RAB #2,1960256.0,2890051,1703224800.0,2023-12-22,1970-01-01 00:00:01.703224800,OIL,186.0
RAB #2,1960257.0,2886791,1703224800.0,2023-12-22,1970-01-01 00:00:01.703224800,OIL,188.0
RAB #2,1956837.0,014969,1702965600.0,2023-12-19,1970-01-01 00:00:01.702965600,WATER,125.0
RAB #2,1955272.0,blackgold,1702792800.0,2023-12-17,1970-01-01 00:00:01.702792800,WATER,120.0
RAB #2,1950095.0,,1702360800.0,2023-12-12,1970-01-01 00:00:01.702360800,OIL,35.07
RAB #2,1950096.0,2863821,1702360800.0,2023-12-12,1970-01-01 00:00:01.702360800,OIL,183.0
RAB #2,1950097.0,,1702360800.0,2023-12-12,1970-01-01 00:00:01.702360800,OIL,35.07
RAB #2,1950098.0,,1702360800.0,2023-12-12,1970-01-01 00:00:01.702360800,OIL,35.07
RAB #2,1948172.0,,1702274400.0,2023-12-11,1970-01-01 00:00:01.702274400,OIL,80.16
RAB #2,1948173.0,2859911,1702274400.0,2023-12-11,1970-01-01 00:00:01.702274400,OIL,193.0
RAB #2,1948174.0,2865891,1702274400.0,2023-12-11,1970-01-01 00:00:01.702274400,OIL,190.0
RAB #2,1948175.0,,1702274400.0,2023-12-11,1970-01-01 00:00:01.702274400,OIL,80.16
RAB #2,1946785.0,blackgold,1702101600.0,2023-12-09,1970-01-01 00:00:01.702101600,WATER,120.0
RAB #2,1944703.0,,1701928800.0,2023-12-07,1970-01-01 00:00:01.701928800,OIL,20.04
RAB #2,1944704.0,2856851,1701928800.0,2023-12-07,1970-01-01 00:00:01.701928800,OIL,185.0
RAB #2,1944705.0,,1701928800.0,2023-12-07,1970-01-01 00:00:01.701928800,OIL,20.04
RAB #2,1944706.0,,1701928800.0,2023-12-07,1970-01-01 00:00:01.701928800,OIL,20.04
RAB #3,1974063.0,013168,1704434400.0,2024-01-05,1970-01-01 00:00:01.704434400,WATER,120.0
RAB #3,1973174.0,013753,1704348000.0,2024-01-04,1970-01-01 00:00:01.704348000,WATER,130.0
RAB #3,1970887.0,2918051,1704175200.0,2024-01-02,1970-01-01 00:00:01.704175200,OIL,188.0
RAB #3,1970888.0,,1704175200.0,2024-01-02,1970-01-01 00:00:01.704175200,OIL,80.16
RAB #3,1968818.0,014104,1704002400.0,2023-12-31,1970-01-01 00:00:01.704002400,WATER,120.0
RAB #3,1965885.0,014168,1703743200.0,2023-12-28,1970-01-01 00:00:01.703743200,WATER,130.0
RAB #3,1963249.0,,1703484000.0,2023-12-25,1970-01-01 00:00:01.703484000,OIL,76.82
RAB #3,1963250.0,2905961,1703484000.0,2023-12-25,1970-01-01 00:00:01.703484000,OIL,190.0
RAB #3,1960258.0,014933,1703224800.0,2023-12-22,1970-01-01 00:00:01.703224800,WATER,50.0
RAB #3,1958476.0,,1703052000.0,2023-12-20,1970-01-01 00:00:01.703052000,OIL,88.51
RAB #3,1958477.0,2890061,1703052000.0,2023-12-20,1970-01-01 00:00:01.703052000,OIL,190.0
RAB #3,1956036.0,,1702879200.0,2023-12-18,1970-01-01 00:00:01.702879200,OIL,43.42
RAB #3,1951117.0,014884,1702447200.0,2023-12-13,1970-01-01 00:00:01.702447200,WATER,120.0
RAB #3,1948176.0,,1702274400.0,2023-12-11,1970-01-01 00:00:01.702274400,OIL,56.78
RAB #3,1948177.0,2865901,1702274400.0,2023-12-11,1970-01-01 00:00:01.702274400,OIL,164.0
RAB #3,1946786.0,014869,1702101600.0,2023-12-09,1970-01-01 00:00:01.702101600,WATER,120.0
RAB #3,1945741.0,,1702015200.0,2023-12-08,1970-01-01 00:00:01.702015200,OIL,75.15
RAB #3,1945742.0,2856861,1702015200.0,2023-12-08,1970-01-01 00:00:01.702015200,OIL,182.0
RAB #3,1945743.0,6692,1702015200.0,2023-12-08,1970-01-01 00:00:01.702015200,WATER,130.0
Richard #1,1973892.0,2929921,1704434400.0,2024-01-05,1970-01-01 00:00:01.704434400,OIL,190.0
Richard #1,1971421.0,2929911,1704175200.0,2024-01-02,1970-01-01 00:00:01.704175200,OIL,188.0
Richard #1,1970472.0,014184,1704088800.0,2024-01-01,1970-01-01 00:00:01.704088800,WATER,70.0
Richard #1,1959550.0,2894701,1703138400.0,2023-12-21,1970-01-01 00:00:01.703138400,OIL,191.0
Richard #1,1950125.0,2868201,1702274400.0,2023-12-11,1970-01-01 00:00:01.702274400,OIL,169.0
Richard #1,1946627.0,6694,1702015200.0,2023-12-08,1970-01-01 00:00:01.702015200,WATER,100.0
Richardson #1,1972105.0,014116,1704261600.0,2024-01-03,1970-01-01 00:00:01.704261600,WATER,120.0
Richardson #1,1970230.0,,1704088800.0,2024-01-01,1970-01-01 00:00:01.704088800,OIL,50.1
Richardson #1,1970229.0,2913731,1704002400.0,2023-12-31,1970-01-01 00:00:01.704002400,OIL,164.0
Richardson #1,1966341.0,2908201,1703743200.0,2023-12-28,1970-01-01 00:00:01.703743200,OIL,185.5
Richardson #1,1966342.0,,1703743200.0,2023-12-28,1970-01-01 00:00:01.703743200,OIL,38.41
Richardson #1,1963220.0,013957,1703484000.0,2023-12-25,1970-01-01 00:00:01.703484000,WATER,130.0
Richardson #1,1961541.0,2898041,1703224800.0,2023-12-22,1970-01-01 00:00:01.703224800,OIL,188.0
Richardson #1,1954728.0,014264,1702792800.0,2023-12-17,1970-01-01 00:00:01.702792800,WATER,120.0
Richardson #1,1953250.0,2879601,1702620000.0,2023-12-15,1970-01-01 00:00:01.702620000,OIL,188.0
Richardson #1,1947515.0,,1702188000.0,2023-12-10,1970-01-01 00:00:01.702188000,OIL,33.4
Richardson #1,1947514.0,2863831,1702101600.0,2023-12-09,1970-01-01 00:00:01.702101600,OIL,191.2
Ronald #1,1972212.0,13151,1704175200.0,2024-01-02,1970-01-01 00:00:01.704175200,WATER,120.0
Ronald #1,1967408.0,2908211,1703743200.0,2023-12-28,1970-01-01 00:00:01.703743200,OIL,184.0
Ronald #1,1963914.0,13962,1703484000.0,2023-12-25,1970-01-01 00:00:01.703484000,WATER,120.0
Ronald #1,1957270.0,122023,1702879200.0,2023-12-18,1970-01-01 00:00:01.702879200,WATER,120.0
Ronald #1,1952518.0,12099,1702533600.0,2023-12-14,1970-01-01 00:00:01.702533600,WATER,120.0
Ronald #1,1945589.0,120723,1701928800.0,2023-12-07,1970-01-01 00:00:01.701928800,WATER,130.0
Ruth #1,1969253.0,013995,1704002400.0,2023-12-31,1970-01-01 00:00:01.704002400,WATER,130.0
Ruth #1,1967536.0,013984,1703829600.0,2023-12-29,1970-01-01 00:00:01.703829600,WATER,120.0
Ruth #1,1967537.0,2913741,1703829600.0,2023-12-29,1970-01-01 00:00:01.703829600,OIL,181.0
Ruth #1,1964901.0,013965,1703570400.0,2023-12-26,1970-01-01 00:00:01.703570400,WATER,130.0
Ruth #1,1962419.0,014941,1703311200.0,2023-12-23,1970-01-01 00:00:01.703311200,WATER,130.0
Ruth #1,1959526.0,014979,1703052000.0,2023-12-20,1970-01-01 00:00:01.703052000,WATER,120.24
Ruth #1,1947519.0,014878,1702101600.0,2023-12-09,1970-01-01 00:00:01.702101600,WATER,120.0
Sansom #1,1973047.0,10324,1704261600.0,2024-01-03,1970-01-01 00:00:01.704261600,WATER,100.0
Sansom #1,1963173.0,14993,1703397600.0,2023-12-24,1970-01-01 00:00:01.703397600,WATER,120.0
Sansom #1,1960582.0,2898051,1703138400.0,2023-12-21,1970-01-01 00:00:01.703138400,OIL,173.3
Sansom #1,1953444.0,144908,1702620000.0,2023-12-15,1970-01-01 00:00:01.702620000,WATER,30.0
Sansom #1,1950121.0,2868211,1702274400.0,2023-12-11,1970-01-01 00:00:01.702274400,OIL,187.0
Sansom #1,1947462.0,2865911,1702188000.0,2023-12-10,1970-01-01 00:00:01.702188000,OIL,191.0
Solansky #1,1967522.0,2920881,1703829600.0,2023-12-29,1970-01-01 00:00:01.703829600,OIL,189.0
Sugarland #1,1944673.0,2856871,1701928800.0,2023-12-07,1970-01-01 00:00:01.701928800,OIL,182.4
Thalmann #1,1945548.0,2853711,1701842400.0,2023-12-06,1970-01-01 00:00:01.701842400,OIL,178.6
Thompson #2,1973046.0,13162,1704261600.0,2024-01-03,1970-01-01 00:00:01.704261600,WATER,120.0
Thompson #2,1961686.0,014939,1703311200.0,2023-12-23,1970-01-01 00:00:01.703311200,WATER,130.0
Thompson #2,1952505.0,014889,1702533600.0,2023-12-14,1970-01-01 00:00:01.702533600,WATER,120.0
Thompson #2,1948515.0,2865921,1702188000.0,2023-12-10,1970-01-01 00:00:01.702188000,OIL,170.0
Thompson #2,1946618.0,14874,1702015200.0,2023-12-08,1970-01-01 00:00:01.702015200,WATER,120.0
Thompson #2,1944511.0,14861,1701842400.0,2023-12-06,1970-01-01 00:00:01.701842400,WATER,120.0
Tlapek #1,1972219.0,13977,1704088800.0,2024-01-01,1970-01-01 00:00:01.704088800,WATER,120.0
Tlapek #1,1972218.0,2925651,1704002400.0,2023-12-31,1970-01-01 00:00:01.704002400,OIL,180.0
Tlapek #1,1953445.0,014901,1702620000.0,2023-12-15,1970-01-01 00:00:01.702620000,WATER,130.0
Triple J #2,1969852.0,2918061,1704088800.0,2024-01-01,1970-01-01 00:00:01.704088800,OIL,143.1
Trotter #1,1969254.0,013997,1704002400.0,2023-12-31,1970-01-01 00:00:01.704002400,WATER,110.0
Trotter #1,1967538.0,2918071,1703743200.0,2023-12-28,1970-01-01 00:00:01.703743200,OIL,190.7
Trotter #1,1954730.0,2882241,1702706400.0,2023-12-16,1970-01-01 00:00:01.702706400,OIL,190.1
VRE Minerals #1,1961457.0,2900701,1703224800.0,2023-12-22,1970-01-01 00:00:01.703224800,OIL,192.9
VRE Minerals #1,1959509.0,014281,1703052000.0,2023-12-20,1970-01-01 00:00:01.703052000,WATER,120.0
Verna #1,1971989.0,,1703052000.0,2023-12-20,1970-01-01 00:00:01.703052000,OIL,20.04
Verna #1,1971988.0,,1702965600.0,2023-12-19,1970-01-01 00:00:01.702965600,OIL,20.04
Verna #1,1971987.0,,1702879200.0,2023-12-18,1970-01-01 00:00:01.702879200,OIL,20.04
Verna #1,1971986.0,,1702792800.0,2023-12-17,1970-01-01 00:00:01.702792800,OIL,20.04
Verna #1,1954169.0,2879611,1702706400.0,2023-12-16,1970-01-01 00:00:01.702706400,OIL,186.4
Verna #1,1971983.0,,1702620000.0,2023-12-15,1970-01-01 00:00:01.702620000,OIL,20.04
Verna #1,1971982.0,,1702533600.0,2023-12-14,1970-01-01 00:00:01.702533600,OIL,20.04
Verna #1,1971980.0,,1702447200.0,2023-12-13,1970-01-01 00:00:01.702447200,OIL,20.04
Verna #1,1971979.0,,1702360800.0,2023-12-12,1970-01-01 00:00:01.702360800,OIL,20.04
Verna #1,1971978.0,,1702274400.0,2023-12-11,1970-01-01 00:00:01.702274400,OIL,20.04
Verna #1,1971968.0,,1702188000.0,2023-12-10,1970-01-01 00:00:01.702188000,OIL,20.04
Verna #1,1971962.0,,1702101600.0,2023-12-09,1970-01-01 00:00:01.702101600,OIL,20.04
Verna #1,1971960.0,,1702015200.0,2023-12-08,1970-01-01 00:00:01.702015200,OIL,20.04
Verna #1,1971959.0,,1701928800.0,2023-12-07,1970-01-01 00:00:01.701928800,OIL,20.04
Whittington #1,1968358.0,14106,1703916000.0,2023-12-30,1970-01-01 00:00:01.703916000,WATER,130.0
Whittington #1,1958456.0,121823,1702879200.0,2023-12-18,1970-01-01 00:00:01.702879200,WATER,120.0
