Date,WC,7DMA WC
2025-02-18,0.9620253164556962,
2025-02-17,0.9644970414201184,
2025-02-16,0.8920863309352518,
2025-02-15,0.8021978021978022,
2025-02-14,0.575,
2025-02-13,0.9345794392523364,
2025-02-12,0.6896551724137931,83.1
2025-02-11,0.9166666666666666,82.5
2025-02-10,0.9310344827586207,82.0
2025-02-09,0.9202453987730062,82.39999999999999
2025-02-08,0.9382716049382716,84.39999999999999
2025-02-07,0.9503105590062112,89.7
2025-02-06,0.9629629629629629,90.10000000000001
2025-02-05,0.6811594202898551,90.0
2025-02-04,0.7927927927927928,88.2
2025-02-03,0.8636363636363636,87.3
2025-02-02,0.9032258064516129,87.0
2025-02-01,0.9215686274509803,86.8
2025-01-31,0.9259259259259259,86.4
2025-01-30,0.9513888888888888,86.3
2025-01-29,0.9375,89.9
2025-01-28,0.8838709677419355,91.2
2025-01-27,0.9259259259259259,92.10000000000001
2025-01-26,0.912621359223301,92.30000000000001
2025-01-25,0.8923076923076924,91.9
2025-01-24,0.97,92.5
2025-01-23,0.7697368421052632,89.9
2025-01-22,0.16666666666666666,78.9
2025-01-21,0.9032258064516129,79.10000000000001
2025-01-20,0.8692307692307693,78.3
2025-01-19,0.9391304347826087,78.7
2025-01-18,0.9150326797385621,79.0
2025-01-17,0.82,76.9
2025-01-16,0.9050279329608939,78.8
2025-01-15,0.756578947368421,87.3
2025-01-14,0.8402366863905325,86.4
2025-01-13,0.8557692307692307,86.2
2025-01-12,0.9459459459459459,86.3
2025-01-11,0.9578059071729957,86.9
2025-01-10,0.8601694915254238,87.5
2025-01-09,0.9369369369369369,87.9
2025-01-08,0.9036144578313253,90.0
2025-01-07,0.8163265306122449,89.7
2025-01-06,0.9137931034482759,90.5
2025-01-05,0.8163265306122449,88.6
2025-01-04,0.868421052631579,87.4
2025-01-03,0.9631578947368421,88.8
2025-01-02,0.9,88.3
2025-01-01,0.9248554913294798,88.6
2024-12-31,1.0,91.2
2024-12-30,0.9230769230769231,91.4
2024-12-29,0.85,91.9
2024-12-28,0.8457142857142858,91.5
2024-12-27,0.8556149732620321,90.0
2024-12-26,0.9166666666666666,90.2
2024-12-25,0.9226190476190477,90.2
2024-12-24,0.8826530612244898,88.5
2024-12-23,0.8571428571428571,87.6
2024-12-22,0.8968609865470852,88.2
2024-12-21,1.0,90.5
2024-12-20,0.8795811518324608,90.8
2024-12-19,0.9432989690721649,91.2
2024-12-18,0.8516129032258064,90.2
2024-12-17,1.0,91.8
2024-12-16,0.6382978723404256,88.7
2024-12-15,1.0,90.2
2024-12-14,0.7470588235294118,86.6
2024-12-13,,
2024-12-12,,
2024-12-11,,
2024-12-10,,
2024-12-09,1.0,
2024-12-08,1.0,
2024-12-07,0.9380952380952381,
2024-12-06,1.0,
2024-12-05,0.9025270758122743,
2024-12-04,0.9202453987730062,
2024-12-03,0.8547008547008547,94.5
2024-12-02,0.85,92.4
2024-12-01,0.8148148148148148,89.7
2024-11-30,0.9119170984455959,89.3
2024-11-29,0.8312236286919831,86.9
2024-11-28,0.985,88.1
2024-11-27,0.8904761904761904,87.7
2024-11-26,0.7112068965517241,85.6
2024-11-25,0.8140703517587939,85.1
2024-11-24,0.8571428571428571,85.7
2024-11-23,0.8052631578947368,84.2
2024-11-22,0.7882882882882883,83.6
2024-11-21,0.9005524861878453,82.39999999999999
2024-11-20,0.8549019607843137,81.89999999999999
2024-11-19,0.9273504273504274,85.0
2024-11-18,0.7888888888888889,84.6
2024-11-17,0.8968253968253969,85.2
2024-11-16,0.8174603174603174,85.3
2024-11-15,0.8518518518518519,86.3
2024-11-14,1.0,87.7
2024-11-13,0.7990654205607477,86.9
2024-11-12,0.7368421052631579,84.2
2024-11-11,0.8484848484848485,85.0
2024-11-10,0.8763440860215054,84.7
2024-11-09,1.0,87.3
2024-11-08,0.9433962264150944,88.6
2024-11-07,0.656934306569343,83.7
2024-11-06,0.7427184466019418,82.89999999999999
2024-11-05,0.6912442396313364,82.3
2024-11-04,,
2024-11-03,,
2024-11-02,0.7874015748031497,
2024-11-01,0.875,
2024-10-31,0.9815950920245399,
2024-10-30,0.8695652173913043,
2024-10-29,0.6923076923076923,
2024-10-28,0.8780487804878049,
2024-10-27,0.7558139534883721,83.39999999999999
2024-10-26,0.7712765957446809,83.2
2024-10-25,0.75,81.39999999999999
2024-10-24,1.0,81.69999999999999
2024-10-23,0.8776978417266187,81.8
2024-10-22,0.8615384615384616,84.2
2024-10-21,0.8472222222222222,83.8
2024-10-20,0.8914728682170543,85.7
2024-10-19,0.7938931297709924,86.0
2024-10-18,0.7813953488372093,86.5
2024-10-17,0.8222222222222222,83.89999999999999
2024-10-16,0.7727272727272727,82.39999999999999
2024-10-15,0.8436018957345972,82.19999999999999
2024-10-14,0.8356807511737089,82.0
2024-10-13,0.8125,80.9
2024-10-12,0.9,82.39999999999999
2024-10-11,0.32727272727272727,75.9
2024-10-10,0.9530201342281879,77.8
2024-10-09,0.863905325443787,79.10000000000001
2024-10-08,0.7374301675977654,77.60000000000001
2024-10-07,0.8072916666666666,77.2
2024-10-06,0.775,76.6
2024-10-05,0.9064748201438849,76.7
2024-10-04,0.8458333333333333,84.1
2024-10-03,0.8428571428571429,82.6
2024-10-02,0.9047619047619048,83.1
2024-10-01,0.7923076923076923,83.89999999999999
2024-09-30,0.8391304347826087,84.39999999999999
2024-09-29,0.827906976744186,85.1
2024-09-28,0.8208333333333333,83.89999999999999
2024-09-27,0.8703703703703703,84.3
2024-09-26,0.9264705882352942,85.5
2024-09-25,0.7873303167420814,83.8
2024-09-24,0.8082901554404145,84.0
2024-09-23,0.934640522875817,85.39999999999999
2024-09-22,0.7890295358649789,84.8
2024-09-21,0.8661417322834646,85.5
2024-09-20,0.7951807228915663,84.39999999999999
2024-09-19,0.859375,83.39999999999999
2024-09-18,0.8622754491017964,84.5
2024-09-17,0.7659574468085106,83.89999999999999
2024-09-16,0.7526315789473684,81.3
2024-09-15,0.7932960893854749,81.39999999999999
2024-09-14,0.9166666666666666,82.1
2024-09-13,0.9223744292237442,83.89999999999999
2024-09-12,0.8070175438596491,83.1
2024-09-11,0.8436018957345972,82.89999999999999
2024-09-10,0.9363057324840764,85.3
2024-09-09,0.9857142857142858,88.6
2024-09-08,0.8958333333333334,90.10000000000001
2024-09-07,0.8290155440414507,88.9
2024-09-06,0.9153439153439153,88.8
2024-09-05,0.8318181818181818,89.1
2024-09-04,0.8513513513513513,89.2
2024-09-03,0.7813953488372093,87.0
2024-09-02,0.7401574803149606,83.5
2024-09-01,0.8333333333333334,82.6
2024-08-31,0.8027522935779816,82.19999999999999
2024-08-30,0.7210526315789474,79.5
2024-08-29,0.7384615384615385,78.10000000000001
2024-08-28,1.0,80.2
2024-08-27,0.8042328042328042,80.60000000000001
2024-08-26,0.8142857142857143,81.6
2024-08-25,0.8591549295774648,82.0
2024-08-24,0.8092783505154639,82.1
2024-08-23,0.7897727272727273,83.1
2024-08-22,0.8198198198198198,84.2
2024-08-21,0.7878787878787878,81.2
2024-08-20,0.8058252427184466,81.2
2024-08-19,0.7532467532467533,80.4
2024-08-18,0.7971014492753623,79.5
2024-08-17,0.8333333333333334,79.80000000000001
2024-08-16,0.8450704225352113,80.60000000000001
2024-08-15,0.7055555555555556,79.0
2024-08-14,0.7357142857142858,78.2
2024-08-13,0.78,77.9
2024-08-12,0.7098765432098766,77.2
2024-08-11,1.0,80.10000000000001
2024-08-10,0.7625570776255708,79.10000000000001
2024-08-09,0.76,77.9
2024-08-08,0.7909604519774012,79.10000000000001
2024-08-07,0.7169811320754716,78.9
2024-08-06,0.8252032520325203,79.5
2024-08-05,0.7207792207792207,79.7
2024-08-04,0.7298850574712644,75.8
2024-08-03,0.7901785714285714,76.2
2024-08-02,0.8011049723756906,76.8
2024-08-01,0.7552083333333334,76.3
2024-07-31,0.7414634146341463,76.6
2024-07-30,0.6795580110497238,74.5
2024-07-29,0.8373983739837398,76.2
2024-07-28,0.6580645161290323,75.2
2024-07-27,0.6825396825396826,73.6
2024-07-26,0.5172413793103449,69.6
2024-07-25,0.860655737704918,71.1
2024-07-24,0.75,71.2
2024-07-23,0.8057553956834532,73.0
2024-07-22,0.4125,67.0
2024-07-21,0.9220338983050848,70.7
2024-07-20,1.0,75.3
2024-07-19,0.7896678966789668,79.2
2024-07-18,0.7455357142857143,77.5
2024-07-17,0.8387096774193549,78.8
2024-07-16,0.6521739130434783,76.6
2024-07-15,0.8580645161290322,82.89999999999999
2024-07-14,0.9090909090909091,82.8
2024-07-13,0.9064748201438849,81.39999999999999
2024-07-12,0.7326007326007326,80.60000000000001
2024-07-11,0.6912442396313364,79.80000000000001
2024-07-10,0.5833333333333334,76.2
2024-07-09,0.6742857142857143,76.5
2024-07-08,0.8608247422680413,76.5
2024-07-07,0.8456375838926175,75.6
2024-07-06,0.8652849740932642,75.0
2024-07-05,0.7923076923076923,75.9
2024-07-04,0.7344632768361582,76.5
2024-07-03,0.7857142857142857,79.4
2024-07-02,0.7989130434782609,81.2
2024-07-01,0.8156424581005587,80.5
2024-06-30,0.8730769230769231,80.9
2024-06-29,0.6624203821656051,78.0
2024-06-28,0.5037037037037037,73.9
2024-06-27,0.7628865979381443,74.3
2024-06-26,0.7975460122699386,74.5
2024-06-25,0.6243093922651933,72.0
2024-06-24,0.6902173913043478,70.19999999999999
2024-06-23,0.75,68.4
2024-06-22,0.6689655172413793,68.5
2024-06-21,0.6296296296296297,70.3
2024-06-20,0.8411214953271028,71.5
2024-06-19,0.8785046728971962,72.6
2024-06-18,0.8595744680851064,76.0
2024-06-17,0.7860696517412935,77.3
2024-06-16,0.8140703517587939,78.3
2024-06-15,0.8483606557377049,80.80000000000001
2024-06-14,0.7548076923076923,82.6
2024-06-13,0.8348214285714286,82.5
2024-06-12,0.8841463414634146,82.6
2024-06-11,0.759090909090909,81.2
2024-06-10,0.6063829787234043,78.60000000000001
2024-06-09,0.815,78.60000000000001
2024-06-08,0.8216216216216217,78.2
2024-06-07,0.7453416149068323,78.10000000000001
2024-06-06,0.7393939393939394,76.7
2024-06-05,0.6886792452830188,73.9
2024-06-04,0.7474747474747475,73.8
2024-06-03,0.7156398104265402,75.3
2024-06-02,0.8975903614457831,76.5
2024-06-01,1.0,79.10000000000001
2024-05-31,0.872852233676976,80.9
2024-05-30,0.78125,81.5
2024-05-29,0.7058823529411765,81.69999999999999
2024-05-28,0.8154506437768241,82.69999999999999
2024-05-27,0.7952380952380952,83.8
2024-05-26,0.7840909090909091,82.19999999999999
2024-05-25,0.7969543147208121,79.3
2024-05-24,0.6,75.4
2024-05-23,1.0,78.5
2024-05-22,0.8583690987124464,80.7
2024-05-21,0.7151515151515152,79.3
2024-05-20,0.8533333333333334,80.10000000000001
2024-05-19,0.8029197080291971,80.4
2024-05-18,0.8448275862068966,81.10000000000001
2024-05-17,0.7311827956989247,82.89999999999999
2024-05-16,0.8216216216216217,80.4
2024-05-15,0.7487684729064039,78.8
2024-05-14,0.8695652173913043,81.0
2024-05-13,0.8391304347826087,80.80000000000001
2024-05-12,0.8552631578947368,81.6
2024-05-11,0.8450704225352113,81.6
2024-05-10,0.8295964125560538,83.0
2024-05-09,0.7736842105263158,82.3
2024-05-08,0.5714285714285714,79.80000000000001
2024-05-07,0.6918918918918919,77.2
2024-05-06,1.0,79.5
2024-05-05,0.8461538461538461,79.4
2024-05-04,0.8223684210526315,79.10000000000001
2024-05-03,0.8606060606060606,79.5
2024-05-02,0.8012048192771084,79.9
2024-05-01,0.7440476190476191,82.39999999999999
2024-04-30,0.8584905660377359,84.8
2024-04-29,0.6821192052980133,80.2
2024-04-28,0.850828729281768,80.30000000000001
2024-04-27,0.7881773399014779,79.80000000000001
2024-04-26,0.7724137931034483,78.5
2024-04-25,0.8206521739130435,78.8
2024-04-24,0.8949416342412452,81.0
2024-04-23,0.6728395061728395,78.3
2024-04-22,0.8208955223880597,80.30000000000001
2024-04-21,0.8,79.60000000000001
2024-04-20,0.81,79.9
2024-04-19,0.7857142857142857,80.10000000000001
2024-04-18,0.7222222222222222,78.7
2024-04-17,0.8588235294117647,78.10000000000001
2024-04-16,0.835,80.5
2024-04-15,0.9261363636363636,82.0
2024-04-14,0.8307692307692308,82.39999999999999
2024-04-13,0.8284671532846716,82.69999999999999
2024-04-12,0.7864583333333334,82.69999999999999
2024-04-11,0.7952380952380952,83.7
2024-04-10,0.89171974522293,84.2
2024-04-09,0.6280487804878049,81.2
2024-04-08,0.815,79.7
2024-04-07,0.8203592814371258,79.5
2024-04-06,0.7298850574712644,78.10000000000001
2024-04-05,0.7215909090909091,77.2
2024-04-04,0.689119170984456,75.7
2024-04-03,0.6988636363636364,72.89999999999999
2024-04-02,0.5939086294416244,72.39999999999999
2024-04-01,0.8709677419354839,73.2
2024-03-31,0.725925925925926,71.89999999999999
2024-03-30,0.816,73.1
2024-03-29,0.6319018404907976,71.8
2024-03-28,0.7642857142857142,72.89999999999999
2024-03-27,0.6761904761904762,72.6
2024-03-26,0.7673267326732673,75.0
2024-03-25,0.859375,74.9
2024-03-24,0.6459627329192547,73.7
2024-03-23,0.7716049382716049,73.1
2024-03-22,0.7740112994350282,75.1
2024-03-21,0.9090909090909091,77.2
2024-03-20,0.7571059431524548,78.3
2024-03-19,0.757085020242915,78.2
2024-03-18,0.7439024390243902,76.6
2024-03-17,0.8787878787878788,79.9
2024-03-16,0.8252788104089219,80.60000000000001
2024-03-15,0.7549019607843137,80.4
2024-03-14,0.8408408408408409,79.4
2024-03-13,0.6783216783216783,78.3
2024-03-12,0.8488372093023255,79.60000000000001
2024-03-11,0.65625,78.3
2024-03-10,0.6834170854271356,75.5
2024-03-09,0.9251101321585903,77.0
2024-03-08,0.7623318385650224,77.10000000000001
2024-03-07,0.7183098591549296,75.3
2024-03-06,0.8588957055214724,77.9
2024-03-05,0.8092783505154639,77.3
2024-03-04,0.7772020725388601,79.10000000000001
2024-03-03,0.85,81.39999999999999
2024-03-02,0.6818181818181818,78.0
2024-03-01,0.6382113821138211,76.2
2024-02-29,1.0,80.2
2024-02-28,0.8070175438596491,79.5
2024-02-27,0.6645569620253164,77.4
2024-02-26,0.8486842105263158,78.4
2024-02-25,0.7533333333333333,77.10000000000001
2024-02-24,0.7468354430379747,78.0
2024-02-23,0.7950310559006211,80.2
2024-02-22,0.7716049382716049,77.0
2024-02-21,0.7931034482758621,76.8
2024-02-20,0.79375,78.60000000000001
2024-02-19,0.8244274809160306,78.3
2024-02-18,0.7785234899328859,78.60000000000001
2024-02-17,0.8709677419354839,80.4
2024-02-16,0.7932960893854749,80.4
2024-02-15,0.7757575757575758,80.4
2024-02-14,0.6850828729281768,78.9
2024-02-13,0.5806451612903226,75.8
2024-02-12,0.7987804878048781,75.5
2024-02-11,0.75,75.1
2024-02-10,0.6266666666666667,71.6
2024-02-09,0.9333333333333333,73.6
2024-02-08,0.7857142857142857,73.7
2024-02-07,0.7333333333333333,74.4
2024-02-06,0.7006369426751592,76.1
2024-02-05,0.5944444444444444,73.2
2024-02-04,0.7692307692307693,73.5
2024-02-03,1.0,78.8
2024-02-02,1.0,79.80000000000001
2024-02-01,0.6772486772486772,78.2
2024-01-31,0.754601226993865,78.5
2024-01-30,0.896969696969697,81.3
2024-01-29,0.32941176470588235,77.5
2024-01-28,0.6971428571428572,76.5
2024-01-27,0.6742857142857143,71.89999999999999
2024-01-26,0.7295081967213115,68.0
2024-01-25,1.0,72.6
2024-01-24,0.9905660377358491,76.0
2024-01-23,0.6763285024154589,72.8
2024-01-22,0.8010752688172043,79.60000000000001
2024-01-21,0.6598639455782312,79.0
2024-01-20,0.13725490196078433,71.39999999999999
2024-01-19,0.9815950920245399,75.0
2024-01-18,0.9790209790209791,74.7
2024-01-17,0.7133333333333334,70.7
2024-01-16,0.7241379310344828,71.39999999999999
2024-01-15,0.823076923076923,71.7
2024-01-14,0.5555555555555556,70.19999999999999
2024-01-13,0.7299270072992701,78.7
2024-01-12,0.8897058823529411,77.4
2024-01-11,0.6636363636363637,72.8
2024-01-10,0.6782608695652174,72.3
2024-01-09,0.7542857142857143,72.8
2024-01-08,0.75,71.7
2024-01-07,0.9019607843137255,76.7
2024-01-06,0.624113475177305,75.2
2024-01-05,0.7560975609756098,73.3
2024-01-04,0.8130081300813008,75.4
2024-01-03,0.8146067415730337,77.3
2024-01-02,0.7744360902255639,77.60000000000001
2024-01-01,0.7062146892655368,77.0
2023-12-31,0.8424657534246576,76.2
2023-12-30,0.7142857142857143,77.4
2023-12-29,0.6857142857142857,76.4
2023-12-28,0.797979797979798,76.2
2023-12-27,0.7375886524822695,75.1
2023-12-26,0.7016129032258065,74.1
2023-12-25,0.7560975609756098,74.8
2023-12-24,0.7272727272727273,73.2
2023-12-23,0.7326732673267327,73.4
2023-12-22,0.7131782945736435,73.8
2023-12-21,0.6782608695652174,72.1
2023-12-20,0.7932692307692307,72.89999999999999
2023-12-19,0.7575757575757576,73.7
2023-12-18,0.7470588235294118,73.6
2023-12-17,0.7116564417177914,73.3
2023-12-16,0.5882352941176471,71.3
2023-12-15,0.6086956521739131,69.8
2023-12-14,0.0,60.099999999999994
2023-12-13,0.8913043478260869,61.5
2023-12-12,0.6493506493506493,59.9
2023-12-11,0.8552631578947368,61.5
2023-12-10,0.824468085106383,63.1
2023-12-09,0.65625,64.1
2023-12-08,0.6576576576576577,64.8
2023-12-07,0.5698924731182796,72.89999999999999
2023-12-06,0.6293103448275862,69.19999999999999
2023-12-05,0.8130081300813008,71.5
2023-12-04,0.6262626262626263,68.2
2023-12-03,0.7848837209302325,67.7
2023-12-02,0.7430555555555556,68.89999999999999
2023-12-01,0.6802721088435374,69.19999999999999
2023-11-30,0.7280701754385965,71.5
2023-11-29,0.6928571428571428,72.39999999999999
2023-11-28,0.7,70.8
2023-11-27,0.41237113402061853,67.7
2023-11-26,1.0,70.8
2023-11-25,0.175,62.7
2023-11-24,0.689922480620155,62.8
2023-11-23,0.7086614173228346,62.6
2023-11-22,0.8666666666666667,65.0
2023-11-21,0.6329113924050633,64.1
2023-11-20,0.8017241379310345,69.6
2023-11-19,0.7285714285714285,65.8
2023-11-18,0.6944444444444444,73.2
2023-11-17,0.726775956284153,73.7
2023-11-16,0.5652173913043478,71.7
2023-11-15,0.6116504854368932,68.0
2023-11-14,0.7828571428571428,70.19999999999999
2023-11-13,0.5145631067961165,66.10000000000001
2023-11-12,0.6194690265486725,64.5
2023-11-11,0.7134146341463414,64.8
2023-11-10,0.8115942028985508,66.0
2023-11-09,0.7196969696969697,68.2
2023-11-08,0.7549668874172185,70.19999999999999
2023-11-07,0.6122448979591837,67.80000000000001
2023-11-06,0.8203592814371258,72.2
2023-11-05,0.6640625,72.8
2023-11-04,0.7590361445783133,73.5
2023-11-03,0.8539823008849557,74.1
2023-11-02,0.6692307692307692,73.3
2023-11-01,0.8383233532934131,74.5
2023-10-31,0.7440758293838863,76.4
2023-10-30,0.9363057324840764,78.10000000000001
2023-10-29,0.7172995780590717,78.8
2023-10-28,0.66875,77.5
2023-10-27,0.6068965517241379,74.0
2023-10-26,0.7741935483870968,75.5
2023-10-25,0.8,75.0
2023-10-24,0.6774193548387096,74.0
2023-10-23,0.7428571428571429,71.2
2023-10-22,0.6598639455782312,70.39999999999999
2023-10-21,0.5357142857142857,68.5
2023-10-20,1.0,74.1
2023-10-19,0.8098591549295775,74.7
2023-10-18,0.8533333333333334,75.4
2023-10-17,0.8516483516483516,77.9
2023-10-16,0.9206349206349206,80.4
2023-10-15,0.6428571428571429,80.2
2023-10-14,0.9305555555555556,85.8
2023-10-13,0.7804878048780488,82.69999999999999
2023-10-12,0.8125,82.69999999999999
2023-10-11,0.2833333333333333,74.6
2023-10-10,0.6415094339622641,71.6
2023-10-09,0.375,63.800000000000004
2023-10-08,0.6736111111111112,64.2
2023-10-07,0.325,55.60000000000001
2023-10-06,0.16279069767441862,46.800000000000004
2023-10-05,0.7674418604651163,46.1
2023-10-04,0.0,42.1
2023-10-03,,
2023-10-02,0.4107142857142857,
2023-10-01,0.6625,
2023-09-30,0.719626168224299,
2023-09-29,0.7005988023952096,
2023-09-28,0.6932515337423313,
2023-09-27,0.6717557251908397,
2023-09-26,0.73125,65.60000000000001
2023-09-25,0.8365384615384616,71.7
2023-09-24,0.6710526315789473,71.8
2023-09-23,0.625,70.39999999999999
2023-09-22,0.6928571428571428,70.3
2023-09-21,0.79375,71.7
2023-09-20,0.5392156862745098,69.89999999999999
2023-09-19,0.8176795580110497,71.1
2023-09-18,0.7380952380952381,69.69999999999999
2023-09-17,0.8363636363636363,72.0
2023-09-16,0.8535031847133758,75.3
2023-09-15,0.6707317073170732,75.0
2023-09-14,0.5154639175257731,71.0
2023-09-13,0.8571428571428571,75.6
2023-09-12,0.4891304347826087,70.89999999999999
2023-09-11,0.49107142857142855,67.30000000000001
2023-09-10,0.33689839572192515,60.199999999999996
2023-09-09,0.32456140350877194,52.6
2023-09-08,0.4520547945205479,49.5
2023-09-07,,
2023-09-06,,
2023-09-05,,
2023-09-04,0.7578947368421053,
2023-09-03,0.7101449275362319,
2023-09-02,0.06521739130434782,
2023-09-01,0.70625,
2023-08-31,0.5657894736842105,
2023-08-30,0.7278911564625851,
2023-08-29,0.7828947368421053,61.7
2023-08-28,0.6372549019607843,59.9
2023-08-27,0.5932203389830508,58.3
2023-08-26,0.6041666666666666,66.0
2023-08-25,0.6510416666666666,65.2
2023-08-24,0.5904761904761905,65.5
2023-08-23,0.7560975609756098,65.9
2023-08-22,0.6403508771929824,63.9
2023-08-21,0.7183098591549296,65.10000000000001
2023-08-20,0.7016129032258065,66.60000000000001
2023-08-19,0.6293103448275862,67.0
2023-08-18,0.13043478260869565,59.5
2023-08-17,0.6122448979591837,59.8
2023-08-16,0.6967213114754098,59.0
2023-08-15,0.7058823529411765,59.9
2023-08-14,0.6690647482014388,59.199999999999996
2023-08-13,0.5897435897435898,57.599999999999994
2023-08-12,0.559748427672956,56.599999999999994
2023-08-11,0.6587301587301587,64.2
2023-08-10,0.625,64.4
2023-08-09,0.7094594594594594,64.5
2023-08-08,0.6028368794326241,63.1
2023-08-07,0.7196969696969697,63.800000000000004
2023-08-06,0.6907894736842105,65.2
2023-08-05,0.6866666666666666,67.0
2023-08-04,0.6736111111111112,67.30000000000001
2023-08-03,0.6721311475409836,67.9
2023-08-02,0.7379310344827587,68.30000000000001
2023-08-01,0.5785123966942148,68.0
2023-07-31,0.6995708154506438,67.7
2023-07-30,0.6814814814814815,67.60000000000001
2023-07-29,0.8015267175572519,69.19999999999999
2023-07-28,0.927007299270073,72.8
2023-07-27,1.0,77.5
2023-07-26,0.7796610169491526,78.10000000000001
2023-07-25,0.4878048780487805,76.8
2023-07-24,0.8076923076923077,78.4
2023-07-23,0.4597156398104265,75.2
2023-07-22,0.0,63.7
2023-07-21,0.5392156862745098,58.199999999999996
2023-07-20,0.24074074074074073,47.4
2023-07-19,0.8606060606060606,48.5
2023-07-18,0.7235294117647059,51.9
2023-07-17,0.6384615384615384,49.5
2023-07-16,0.7155963302752294,53.1
2023-07-15,0.5747126436781609,61.3
2023-07-14,0.656934306569343,63.0
2023-07-13,0.6686390532544378,69.1
2023-07-12,0.6153846153846154,65.60000000000001
2023-07-11,0.6907894736842105,65.2
2023-07-10,0.6268656716417911,65.0
2023-07-09,0.6083333333333333,63.5
2023-07-08,0.6102941176470589,64.0
2023-07-07,0.6838235294117647,64.3
2023-07-06,0.5619834710743802,62.8
2023-07-05,0.3619047619047619,59.199999999999996
2023-07-04,0.7413793103448276,59.9
2023-07-03,,
2023-07-02,0.7380952380952381,
2023-07-01,0.620253164556962,
2023-06-30,0.7445652173913043,
2023-06-29,0.6410256410256411,
2023-06-28,0.603448275862069,
2023-06-27,0.6845238095238095,
2023-06-26,0.7222222222222222,67.9
2023-06-25,0.6052631578947368,66.0
2023-06-24,0.44370860927152317,63.5
2023-06-23,0.624,61.8
2023-06-22,0.8423423423423423,64.7
2023-06-21,0.6369426751592356,65.10000000000001
2023-06-20,0.6610169491525424,64.8
2023-06-19,0.5423728813559322,62.2
2023-06-18,0.7,63.6
2023-06-17,0.5882352941176471,65.60000000000001
2023-06-16,0.5644171779141104,64.8
2023-06-15,0.775,63.800000000000004
2023-06-14,0.7093023255813954,64.9
2023-06-13,0.6747967479674797,65.10000000000001
2023-06-12,0.7228260869565217,67.60000000000001
2023-06-11,0.7440476190476191,68.30000000000001
2023-06-10,0.8744186046511628,72.39999999999999
2023-06-09,0.42857142857142855,70.39999999999999
2023-06-08,0.6838235294117647,69.1
2023-06-07,0.6993464052287581,69.0
2023-06-06,0.6097560975609756,68.0
2023-06-05,0.5978260869565217,66.3
2023-06-04,0.7272727272727273,66.0
2023-06-03,0.6285714285714286,62.5
2023-06-02,0.5675675675675675,64.5
2023-06-01,0.6185567010309279,63.6
2023-05-31,0.6944444444444444,63.5
2023-05-30,,
2023-05-29,0.6618705035971223,
2023-05-28,0.7466666666666667,
2023-05-27,0.7361963190184049,
2023-05-26,0.7668711656441718,
2023-05-25,0.7546296296296297,
2023-05-24,0.6787878787878788,
2023-05-23,0.7034482758620689,72.1
2023-05-22,0.7857142857142857,73.9
2023-05-21,0.6850393700787402,73.0
2023-05-20,0.6610169491525424,71.89999999999999
2023-05-19,0.6962962962962963,70.89999999999999
2023-05-18,0.6293706293706294,69.1
2023-05-17,0.620253164556962,68.30000000000001
2023-05-16,0.4720812182741117,65.0
2023-05-15,0.6521739130434783,63.1
2023-05-14,,
2023-05-13,,
2023-05-12,0.35403726708074534,
2023-05-11,,
2023-05-10,0.527027027027027,
2023-05-09,0.6024096385542169,
2023-05-08,0.6517857142857143,
2023-05-07,0.5379746835443038,
2023-05-06,0.6551724137931034,
2023-05-05,0.6944444444444444,
2023-05-04,0.6802721088435374,62.1
2023-05-03,0.6783216783216783,64.3
2023-05-02,0.6875,65.5
2023-05-01,0.7133333333333334,66.4
2023-04-30,0.7054794520547946,68.8
2023-04-29,0.7368421052631579,69.89999999999999
2023-04-28,0.7530120481927711,70.8
2023-04-27,0.653179190751445,70.39999999999999
2023-04-26,0.5882352941176471,69.1
2023-04-25,0.5454545454545454,67.10000000000001
2023-04-24,1.0,71.2
2023-04-23,0.6439393939393939,70.3
2023-04-22,0.673202614379085,69.39999999999999
2023-04-21,0.6618705035971223,68.10000000000001
2023-04-20,0.64,67.9
2023-04-19,0.6041666666666666,68.10000000000001
2023-04-18,0.6618705035971223,69.8
2023-04-17,0.6551724137931034,64.9
2023-04-16,0.673202614379085,65.3
2023-04-15,0.647887323943662,64.9
2023-04-14,0.7196969696969697,65.7
2023-04-13,0.5774647887323944,64.8
2023-04-12,0.7238805970149254,66.60000000000001
2023-04-11,0.6918918918918919,67.0
2023-04-10,0.6792452830188679,67.30000000000001
2023-04-09,0.6267605633802817,66.7
2023-04-08,0.5204081632653061,64.8
2023-04-07,0.0,54.6
2023-04-06,0.0,46.300000000000004
2023-04-05,0.7317073170731707,46.400000000000006
2023-04-04,0.6470588235294118,45.800000000000004
2023-04-03,0.7150537634408602,46.300000000000004
2023-04-02,0.6428571428571429,46.5
2023-04-01,0.6428571428571429,48.3
2023-03-31,0.6178343949044586,57.099999999999994
2023-03-30,0.7150537634408602,67.30000000000001
2023-03-29,0.6511627906976745,66.2
2023-03-28,0.7135416666666666,67.10000000000001
2023-03-27,0.702247191011236,66.9
2023-03-26,0.6666666666666666,67.30000000000001
2023-03-25,0.7071823204419889,68.2
2023-03-24,0.6845238095238095,69.1
2023-03-23,0.665,68.4
2023-03-22,0.6629213483146067,68.60000000000001
2023-03-21,0.681592039800995,68.10000000000001
2023-03-20,0.7225130890052356,68.4
2023-03-19,0.6954314720812182,68.8
2023-03-18,0.7073170731707317,68.8
2023-03-17,0.635036496350365,68.10000000000001
2023-03-16,0.6632653061224489,68.10000000000001
2023-03-15,0.6900584795321637,68.5
2023-03-14,0.6756756756756757,68.4
2023-03-13,0.6826347305389222,67.80000000000001
2023-03-12,0.046875,58.599999999999994
2023-03-11,0.6763285024154589,58.099999999999994
2023-03-10,0.6510416666666666,58.4
2023-03-09,0.6756756756756757,58.5
2023-03-08,0.7180851063829787,58.9
2023-03-07,0.7336956521739131,59.8
2023-03-06,0.6978021978021978,60.0
2023-03-05,0.6971428571428572,69.3
2023-03-04,0.8083067092651757,71.2
2023-03-03,0.0,61.9
2023-03-02,0.7368421052631579,62.7
2023-03-01,0.5604395604395604,60.5
2023-02-28,0.4946236559139785,57.099999999999994
2023-02-27,0.7114624505928854,57.3
2023-02-26,0.7555555555555555,58.099999999999994
2023-02-25,0.0,46.6
2023-02-24,0.8347107438016529,58.5
2023-02-23,0.7235023041474654,58.3
2023-02-22,0.7427184466019418,60.9
2023-02-21,0.7209302325581395,64.1
2023-02-20,0.7451923076923077,64.60000000000001
2023-02-19,0.047619047619047616,54.50000000000001
2023-02-18,0.7765567765567766,65.60000000000001
2023-02-17,0.7761904761904762,64.8
2023-02-16,0.7427184466019418,65.0
2023-02-15,0.7911111111111111,65.7
2023-02-14,0.8473053892215568,67.5
2023-02-13,0.636986301369863,66.0
2023-02-12,0.7601809954751131,76.2
2023-02-11,0.7723214285714286,76.1
2023-02-10,0.7911392405063291,76.3
2023-02-09,0.574468085106383,73.9
2023-02-08,0.7035714285714286,72.7
2023-02-07,0.7575757575757576,71.39999999999999
2023-02-06,0.5652173913043478,70.3
2023-02-05,0.8260869565217391,71.3
2023-02-04,0.7901785714285714,71.5
2023-02-03,0.8181818181818182,71.89999999999999
2023-02-02,0.84,75.7
2023-02-01,0.7882882882882883,76.9
2023-01-31,0.8283261802575107,77.9
2023-01-30,0.8106995884773662,81.5
2023-01-29,0.7952380952380952,81.0
2023-01-28,0.7368421052631579,80.30000000000001
2023-01-27,0.637065637065637,77.7
2023-01-26,0.7006369426751592,75.7
2023-01-25,1.0,78.7
2023-01-24,0.7892376681614349,78.10000000000001
2023-01-23,0.820627802690583,78.3
2023-01-22,0.8433333333333334,79.0
2023-01-21,0.702247191011236,78.5
2023-01-20,0.0,69.39999999999999
2023-01-19,1.0,73.6
2023-01-18,0.8185328185328186,71.1
2023-01-17,0.6116504854368932,68.5
2023-01-16,0.8303249097472925,68.7
2023-01-15,0.8303249097472925,68.5
2023-01-14,0.8163265306122449,70.1
2023-01-13,0.839041095890411,82.1
2023-01-12,0.841897233201581,79.80000000000001
2023-01-11,0.8380566801619433,80.10000000000001
2023-01-10,0.7397959183673469,81.89999999999999
2023-01-09,0.8130841121495327,81.69999999999999
2023-01-08,0.6642857142857143,79.3
2023-01-07,0.855595667870036,79.9
2023-01-06,0.8156862745098039,79.5
2023-01-05,0.8695652173913043,79.9
2023-01-04,0.889344262295082,80.7
2023-01-03,0.8873720136518771,82.8
2023-01-02,0.8812949640287769,83.8
2023-01-01,0.8846153846153846,86.9
2022-12-31,0.8653198653198653,87.0
2022-12-30,0.8821428571428571,88.0
2022-12-29,0.8977272727272727,88.4
2022-12-28,0.7642857142857142,86.6
2022-12-27,0.8423236514522822,86.0
2022-12-26,0.8806584362139918,86.0
2022-12-25,0.891566265060241,86.1
2022-12-24,0.8518518518518519,85.9
2022-12-23,0.8571428571428571,85.5
2022-12-22,0.7392857142857143,83.2
2022-12-21,0.7729468599033816,83.39999999999999
2022-12-20,0.0,71.3
2022-12-19,0.4632352941176471,65.4
2022-12-18,0.8804347826086957,65.2
2022-12-17,0.759090909090909,63.9
2022-12-16,,
2022-12-15,0.9313725490196079,
2022-12-14,0.8362369337979094,
2022-12-13,0.8561151079136691,
2022-12-12,0.8503184713375797,
2022-12-11,0.8491228070175438,
2022-12-10,0.8473282442748091,
2022-12-09,0.8068669527896996,85.39999999999999
2022-12-08,0.8483870967741935,84.2
2022-12-07,0.8081632653061225,83.8
2022-12-06,0.8969072164948454,84.39999999999999
2022-12-05,0.7374301675977654,82.8
2022-12-04,0.8391608391608392,82.6
2022-12-03,0.606694560669456,79.2
2022-12-02,0.7947598253275109,79.0
2022-12-01,0.7413793103448276,77.5
2022-11-30,0.6932773109243697,75.9
2022-11-29,0.5125,70.39999999999999
2022-11-28,0.49812734082397003,66.9
2022-11-27,0.6624203821656051,64.4
2022-11-26,0.4594594594594595,62.3
2022-11-25,0.375,56.3
2022-11-24,,
2022-11-23,,
2022-11-22,1.0,
2022-11-21,0.8333333333333334,
2022-11-20,0.8333333333333334,
2022-11-19,0.7642276422764228,
2022-11-18,0.7297297297297297,
2022-11-17,0.7476190476190476,
2022-11-16,0.8029556650246306,81.6
2022-11-15,0.7235294117647059,77.60000000000001
2022-11-14,0.7863636363636364,77.0
2022-11-13,0.8678304239401496,77.5
2022-11-12,0.32857142857142857,71.2
2022-11-11,0.7932692307692307,72.1
2022-11-10,0.7947598253275109,72.8
2022-11-09,0.7511737089201878,72.1
2022-11-08,0.7272727272727273,72.1
2022-11-07,0.7235023041474654,71.2
2022-11-06,0.7136752136752137,69.0
2022-11-05,0.7025316455696202,74.4
2022-11-04,0.5555555555555556,71.0
2022-11-03,,
2022-11-02,1.0,
2022-11-01,0.8761904761904762,
2022-10-31,0.8,
2022-10-30,0.725,
2022-10-29,0.8906882591093117,
2022-10-28,1.0,
2022-10-27,1.0,89.9
2022-10-26,0.2717391304347826,79.5
2022-10-25,0.1978021978021978,69.8
2022-10-24,0.4879725085910653,65.3
2022-10-23,0.7282051282051282,65.4
2022-10-22,0.8353658536585366,64.60000000000001
2022-10-21,0.6086956521739131,59.0
2022-10-20,0.5693069306930693,52.800000000000004
2022-10-19,0.5407407407407407,56.699999999999996
2022-10-18,0.926829268292683,67.10000000000001
2022-10-17,0.7074235807860262,70.19999999999999
2022-10-16,0.672645739910314,69.39999999999999
2022-10-15,0.6256983240223464,66.4
2022-10-14,0.9126984126984127,70.8
2022-10-13,0.7879858657243817,73.9
2022-10-12,0.8153310104529616,77.8
2022-10-11,0.7103825136612022,74.7
2022-10-10,0.0,64.60000000000001
2022-10-09,0.8342541436464088,66.9
2022-10-08,0.8072727272727273,69.5
2022-10-07,0.8038277511961722,68.0
2022-10-06,0.8140350877192982,68.4
2022-10-05,0.7754237288135594,67.80000000000001
2022-10-04,0.7947598253275109,69.0
2022-10-03,0.7773109243697479,80.10000000000001
2022-10-02,0.8007518796992481,79.60000000000001
2022-10-01,0.7773109243697479,79.2
2022-09-30,0.7619047619047619,78.60000000000001
2022-09-29,0.6578947368421053,76.4
2022-09-28,0.5789473684210527,73.6
2022-09-27,1.0,76.5
2022-09-26,0.8833333333333333,78.0
2022-09-25,0.7888446215139442,77.8
2022-09-24,0.759090909090909,77.60000000000001
2022-09-23,0.7619047619047619,77.60000000000001
2022-09-22,0.7754237288135594,79.3
2022-09-21,0.7718631178707225,82.0
2022-09-20,0.73568281938326,78.2
2022-09-19,0.7333333333333333,76.1
2022-09-18,0.7391304347826086,75.4
2022-09-17,0.6859903381642513,74.3
2022-09-16,0.7150259067357513,73.7
2022-09-15,0.6540284360189573,71.89999999999999
2022-09-14,0.6313131313131313,69.89999999999999
2022-09-13,0.6824324324324325,69.19999999999999
2022-09-12,0.7911392405063291,70.0
2022-09-11,0.611764705882353,68.2
2022-09-10,0.8472222222222222,70.5
2022-09-09,0.7874015748031497,71.5
2022-09-08,0.889795918367347,74.9
2022-09-07,0.7827476038338658,77.0
2022-09-06,1.0,81.6
2022-09-05,1.0,84.6
2022-09-04,0.5588235294117647,83.8
2022-09-03,0.49640287769784175,78.8
2022-09-02,0.7020408163265306,77.60000000000001
2022-09-01,0.4837662337662338,71.8
2022-08-31,,
2022-08-30,,
2022-08-29,,
2022-08-28,,
2022-08-27,,
2022-08-26,,
2022-08-25,,
2022-08-24,,
2022-08-23,0.9180327868852459,
2022-08-22,0.0,
2022-08-21,0.7451456310679612,
2022-08-20,0.6190476190476191,
2022-08-19,0.5,
2022-08-18,,
2022-08-17,0.48717948717948717,
2022-08-16,0.0,
2022-08-15,,
2022-08-14,0.8818897637795275,
2022-08-13,0.0,
2022-08-12,0.0,
2022-08-11,0.574468085106383,
2022-08-10,0.5061728395061729,
2022-08-09,0.6153846153846154,
2022-08-08,,
2022-08-07,1.0,
2022-08-06,0.6708074534161491,
2022-08-05,0.6842105263157895,
2022-08-04,0.7074468085106383,
2022-08-03,0.653179190751445,
2022-08-02,0.047619047619047616,
2022-08-01,0.047619047619047616,54.400000000000006
2022-07-31,0.6756756756756757,49.8
2022-07-30,0.7719869706840391,51.300000000000004
2022-07-29,0.6666666666666666,51.0
2022-07-28,0.7222222222222222,51.2
2022-07-27,0.7355769230769231,52.400000000000006
2022-07-26,0.6717171717171717,61.3
2022-07-25,0.13333333333333333,62.5
2022-07-24,0.6348314606741573,61.9
2022-07-23,0.644808743169399,60.099999999999994
2022-07-22,0.6954314720812182,60.5
2022-07-21,0.6542553191489362,59.599999999999994
2022-07-20,0.6875,58.9
2022-07-19,0.25316455696202533,52.900000000000006
2022-07-18,0.6721311475409836,60.6
2022-07-17,0.16666666666666666,53.900000000000006
2022-07-16,0.4,50.4
2022-07-15,0.7441860465116279,51.1
2022-07-14,0.47619047619047616,48.6
2022-07-13,0.726890756302521,49.1
2022-07-12,0.7342995169082126,56.00000000000001
2022-07-11,0.5422535211267606,54.1
2022-07-10,0.40217391304347827,57.49999999999999
2022-07-09,0.7,61.8
2022-07-08,0.5384615384615384,58.9
2022-07-07,0.46601941747572817,58.699999999999996
2022-07-06,0.5112781954887218,55.60000000000001
2022-07-05,0.726027397260274,55.50000000000001
2022-07-04,0.14285714285714285,49.8
2022-07-03,0.6118012422360248,52.800000000000004
2022-07-02,1.0,57.099999999999994
2022-07-01,0.7111111111111111,59.599999999999994
2022-06-30,0.6636771300448431,62.4
2022-06-29,0.11764705882352941,56.8
2022-06-28,0.08333333333333333,47.599999999999994
2022-06-27,0.8595505617977528,57.8
2022-06-26,0.6888888888888889,58.9
2022-06-25,0.6818181818181818,54.400000000000006
2022-06-24,0.6696035242290749,53.800000000000004
2022-06-23,0.391304347826087,49.9
2022-06-22,0.25,51.800000000000004
2022-06-21,0.2631578947368421,54.300000000000004
2022-06-20,0.5454545454545454,49.9
2022-06-19,0.7358490566037735,50.5
2022-06-18,0.35185185185185186,45.800000000000004
2022-06-17,0.7148936170212766,46.5
2022-06-16,0.3113207547169811,45.300000000000004
2022-06-15,0.25,45.300000000000004
2022-06-14,0.2268041237113402,44.800000000000004
2022-06-13,0.3055555555555556,41.4
2022-06-12,0.6875,40.699999999999996
2022-06-11,0.2222222222222222,38.800000000000004
2022-06-10,0.24778761061946902,32.2
2022-06-09,0.6511627906976745,37.0
2022-06-08,0.3486238532110092,38.4
2022-06-07,0.7172131147540983,45.4
2022-06-06,0.42857142857142855,47.199999999999996
2022-06-05,0.782608695652174,48.5
2022-06-04,0.7093023255813954,55.50000000000001
2022-06-03,0.4827586206896552,58.9
2022-06-02,0.6727272727272727,59.199999999999996
2022-06-01,0.3063583815028902,58.599999999999994
2022-05-31,0.12790697674418605,50.1
2022-05-30,0.41358024691358025,49.9
2022-05-29,0.627906976744186,47.699999999999996
2022-05-28,0.5238095238095238,45.1
2022-05-27,0.7894736842105263,49.5
2022-05-26,1.0,54.1
2022-05-25,,
2022-05-24,,
2022-05-23,,
2022-05-22,0.0,
2022-05-21,0.0,
2022-05-20,1.0,
2022-05-19,0.53125,
2022-05-18,0.9264705882352942,
2022-05-17,0.6566523605150214,
2022-05-16,0.4470046082949309,50.9
2022-05-15,0.7263157894736842,61.3
2022-05-14,0.6,69.8
2022-05-13,0.41935483870967744,61.5
2022-05-12,0.4186046511627907,59.9
2022-05-11,0.8936170212765957,59.5
2022-05-10,0.5373831775700935,57.699999999999996
2022-05-09,0.8626373626373627,63.7
2022-05-08,0.4,59.0
2022-05-07,0.475,57.199999999999996
2022-05-06,0.39759036144578314,56.89999999999999
2022-05-05,0.4473684210526316,57.3
2022-05-04,0.6938775510204082,54.50000000000001
2022-05-03,0.5575221238938053,54.800000000000004
2022-05-02,0.9519230769230769,56.00000000000001
2022-05-01,0.3893129770992366,55.900000000000006
2022-04-30,0.32098765432098764,53.7
2022-04-29,0.0,48.0
2022-04-28,0.8,53.1
2022-04-27,1.0,57.4
2022-04-26,0.609375,58.199999999999996
2022-04-25,0.3902439024390244,50.1
2022-04-24,0.47368421052631576,51.300000000000004
2022-04-23,0.1645021645021645,49.1
2022-04-22,0.65625,58.5
2022-04-21,0.2962962962962963,51.300000000000004
2022-04-20,1.0,51.300000000000004
2022-04-19,0.6086956521739131,51.300000000000004
2022-04-18,0.25,49.3
2022-04-17,0.4605263157894737,49.1
2022-04-16,0.625,55.7
2022-04-15,0.16083916083916083,48.6
2022-04-14,0.43478260869565216,50.6
2022-04-13,,
2022-04-12,,
2022-04-11,0.4,
2022-04-10,0.7894736842105263,
2022-04-09,0.058823529411764705,
2022-04-08,0.8571428571428571,
2022-04-07,0.8269230769230769,
2022-04-06,0.5982905982905983,
2022-04-05,0.5457227138643068,58.199999999999996
2022-04-04,0.40594059405940597,58.3
2022-04-03,0.5,54.2
2022-04-02,0.7111111111111111,63.5
2022-04-01,0.7477064220183486,61.9
2022-03-31,0.4412811387900356,56.39999999999999
2022-03-30,0.42857142857142855,54.0
2022-03-29,0.4339622641509434,52.400000000000006
2022-03-28,0.45,53.0
2022-03-27,0.4444444444444444,52.2
2022-03-26,0.6774193548387096,51.800000000000004
2022-03-25,0.42758620689655175,47.199999999999996
2022-03-24,0.5454545454545454,48.699999999999996
2022-03-23,0.5806451612903226,50.9
2022-03-22,0.6296296296296297,53.6
2022-03-21,0.6598639455782312,56.599999999999994
2022-03-20,0.5945945945945946,58.8
2022-03-19,0.6,57.699999999999996
2022-03-18,0.8026315789473685,63.0
2022-03-17,0.8245614035087719,67.0
2022-03-16,0.7012195121951219,68.8
2022-03-15,0.6402439024390244,68.89999999999999
2022-03-14,0.7852760736196319,70.7
2022-03-13,0.6808510638297872,71.89999999999999
2022-03-12,0.5531914893617021,71.3
2022-03-11,0.5358649789029536,67.4
2022-03-10,0.47058823529411764,62.4
2022-03-09,0.52,59.8
2022-03-08,0.5528455284552846,58.599999999999994
2022-03-07,0.5958904109589042,55.800000000000004
2022-03-06,0.6666666666666666,55.60000000000001
2022-03-05,0.5879120879120879,56.10000000000001
2022-03-04,0.6129032258064516,57.199999999999996
2022-03-03,0.7642857142857142,61.4
2022-03-02,0.6296296296296297,63.0
2022-03-01,0.43609022556390975,61.3
2022-02-28,0.07692307692307693,53.900000000000006
2022-02-27,0.6829268292682927,54.2
2022-02-26,0.6632124352331606,55.2
2022-02-25,0.2682926829268293,50.3
2022-02-24,0.7208121827411168,49.7
2022-02-23,0.1743119266055046,43.2
2022-02-22,0.8125,48.6
2022-02-21,0.2808219178082192,51.5
2022-02-20,0.3815789473684211,47.199999999999996
2022-02-19,0.6330275229357798,46.7
2022-02-18,0.519774011299435,50.3
2022-02-17,,
2022-02-16,0.0,
2022-02-15,0.6022727272727273,
2022-02-14,0.3930635838150289,
2022-02-13,0.5517241379310345,
2022-02-12,0.6700507614213198,
2022-02-11,0.7368421052631579,
2022-02-10,0.3630573248407643,47.4
2022-02-09,0.667953667953668,56.89999999999999
2022-02-08,0.6888888888888889,58.199999999999996
2022-02-07,0.5945945945945946,61.0
2022-02-06,0.19047619047619047,55.900000000000006
2022-02-05,0.5428571428571428,54.1
2022-02-04,0.5222929936305732,51.0
2022-02-03,0.6828358208955224,55.60000000000001
2022-02-02,0.5,53.2
2022-02-01,0.4174757281553398,49.3
2022-01-31,0.7368421052631579,51.300000000000004
2022-01-30,1.0,62.9
2022-01-29,0.3939393939393939,60.8
2022-01-28,0.22884012539184953,56.599999999999994
2022-01-27,0.40789473684210525,52.6
2022-01-26,0.49162011173184356,52.5
2022-01-25,0.6363636363636364,55.7
2022-01-24,0.6828358208955224,54.900000000000006
2022-01-23,0.6851851851851852,50.4
2022-01-22,0.42567567567567566,50.8
2022-01-21,0.7115384615384616,57.699999999999996
2022-01-20,0.3870967741935484,57.4
2022-01-19,0.3021978021978022,54.7
2022-01-18,0.3475609756097561,50.6
2022-01-17,0.39037433155080214,46.400000000000006
2022-01-16,0.2721518987341772,40.5
2022-01-15,0.15151515151515152,36.6
2022-01-14,0.5054945054945055,33.7
2022-01-13,0.5851528384279476,36.5
2022-01-12,0.5833333333333334,40.5
2022-01-11,0.5121951219512195,42.9
2022-01-10,0.3700787401574803,42.6
2022-01-09,0.2975206611570248,42.9
2022-01-08,0.4247787610619469,46.800000000000004
2022-01-07,0.6097560975609756,48.3
2022-01-06,0.644808743169399,49.2
2022-01-05,0.20833333333333334,43.8
2022-01-04,0.6713615023474179,46.1
2022-01-03,0.65,50.1
2022-01-02,0.6551724137931034,55.2
2022-01-01,0.6287128712871287,58.099999999999994
2021-12-31,0.6113989637305699,58.099999999999994
2021-12-30,0.53125,56.49999999999999
2021-12-29,0.5454545454545454,61.3
2021-12-28,0.6059113300492611,60.4
2021-12-27,0.5721925133689839,59.3
2021-12-26,0.5081967213114754,57.199999999999996
2021-12-25,0.5508982035928144,56.10000000000001
2021-12-24,0.5319148936170213,54.900000000000006
2021-12-23,0.375,52.7
2021-12-22,0.41767068273092367,50.9
2021-12-21,0.4827586206896552,49.1
2021-12-20,0.0,40.9
2021-12-19,0.9259259259259259,46.9
2021-12-18,0.0,39.0
2021-12-17,,
2021-12-16,0.43609022556390975,
2021-12-15,0.3795620437956204,
2021-12-14,0.15,
2021-12-13,0.2734375,
2021-12-12,0.46153846153846156,
2021-12-11,0.2962962962962963,
2021-12-10,0.6626984126984127,38.0
2021-12-09,0.6963562753036437,41.699999999999996
2021-12-08,0.7727272727272727,47.3
2021-12-07,0.8267716535433071,56.99999999999999
2021-12-06,0.8770491803278688,65.60000000000001
2021-12-05,0.655688622754491,68.4
2021-12-04,0.5454545454545454,72.0
2021-12-03,0.6376811594202898,71.6
2021-12-02,0.42857142857142855,67.80000000000001
2021-12-01,0.5366430260047281,64.4
2021-11-30,0.5542635658914729,60.5
2021-11-29,0.7014925373134329,57.99999999999999
2021-11-28,0.6875,58.5
2021-11-27,0.22872340425531915,53.900000000000006
2021-11-26,0.3433734939759036,49.7
2021-11-25,0.4219409282700422,49.6
2021-11-24,0.7093023255813954,52.1
2021-11-23,,
2021-11-22,,
2021-11-21,,
2021-11-20,,
2021-11-19,,
2021-11-18,0.9873417721518988,
2021-11-17,0.5925925925925926,
2021-11-16,0.5614035087719298,
2021-11-15,0.664179104477612,
2021-11-14,0.5683453237410072,
2021-11-13,0.8464912280701754,
2021-11-12,0.4628099173553719,66.9
2021-11-11,0.6107784431137725,61.5
2021-11-10,0.10256410256410256,54.50000000000001
2021-11-09,0.5673076923076923,54.6
2021-11-08,0.44387755102040816,51.5
2021-11-07,0.5526315789473685,51.2
2021-11-06,0.5303030303030303,46.7
2021-11-05,0.3684210526315789,45.4
2021-11-04,0.7265625,47.0
2021-11-03,0.5905172413793104,54.0
2021-11-02,0.5202020202020202,53.300000000000004
2021-11-01,0.5141700404858299,54.300000000000004
2021-10-31,0.45147679324894513,52.900000000000006
2021-10-30,0.5660377358490566,53.400000000000006
2021-10-29,0.5135135135135135,55.50000000000001
2021-10-28,0.5391705069124424,52.800000000000004
2021-10-27,0.43333333333333335,50.5
2021-10-26,0.8372093023255814,55.1
2021-10-25,0.9145299145299145,60.8
2021-10-24,0.897119341563786,67.2
2021-10-23,0.5985401459854015,67.60000000000001
2021-10-22,0.20533333333333334,63.2
2021-10-21,0.6511627906976745,64.8
2021-10-20,0.5569620253164557,66.60000000000001
2021-10-19,0.5882352941176471,63.0
2021-10-18,0.625,58.9
2021-10-17,0.5990566037735849,54.6
2021-10-16,0.6521739130434783,55.400000000000006
2021-10-15,0.41605839416058393,58.4
2021-10-14,0.6618357487922706,58.599999999999994
2021-10-13,0.4881889763779528,57.599999999999994
2021-10-12,0.7126436781609196,59.4
2021-10-11,0.6666666666666666,60.0
2021-10-10,0.42424242424242425,57.49999999999999
2021-10-09,0.4,53.900000000000006
2021-10-08,0.375,53.300000000000004
2021-10-07,0.5355191256830601,51.5
2021-10-06,0.5652173913043478,52.6
2021-10-05,0.6060606060606061,51.0
2021-10-04,0.9722222222222222,55.400000000000006
2021-10-03,0.6186440677966102,58.199999999999996
2021-10-02,0.28938906752411575,56.599999999999994
2021-10-01,0.391812865497076,56.8
2021-09-30,0.669260700389105,58.8
2021-09-29,0.24120603015075376,54.1
2021-09-28,0.49783549783549785,52.6
2021-09-27,0.021739130434782608,39.0
2021-09-26,0.924812030075188,43.4
2021-09-25,0.0975609756097561,40.6
2021-09-24,0.34579439252336447,40.0
2021-09-23,0.2857142857142857,34.5
2021-09-22,0.1258741258741259,32.800000000000004
2021-09-21,0.3150684931506849,30.2
2021-09-20,0.5138888888888888,37.3
2021-09-19,,
2021-09-18,0.5,
2021-09-17,0.047619047619047616,
2021-09-16,0.4770992366412214,
2021-09-15,0.07534246575342465,
2021-09-14,0.0,
2021-09-13,,
2021-09-12,0.6666666666666666,
2021-09-11,0.3939393939393939,
2021-09-10,0.6,
2021-09-09,0.5084745762711864,
2021-09-08,0.28823529411764703,
2021-09-07,0.7446808510638298,
2021-09-06,1.0,60.0
2021-09-05,0.375,55.900000000000006
2021-09-04,0.0875,51.5
2021-09-03,0.35714285714285715,48.0
2021-09-02,1.0,55.00000000000001
2021-09-01,0.782608695652174,62.1
2021-08-31,0.2,54.300000000000004
2021-08-30,0.16666666666666666,42.4
2021-08-29,0.4700460829493088,43.8
2021-08-28,0.46859903381642515,49.2
2021-08-27,0.2127659574468085,47.199999999999996
2021-08-26,0.15544041450777202,35.099999999999994
2021-08-25,0.24731182795698925,27.400000000000002
2021-08-24,0.5421245421245421,32.300000000000004
2021-08-23,0.18181818181818182,32.5
2021-08-22,0.4,31.5
2021-08-21,0.1262135922330097,26.700000000000003
2021-08-20,1.0,37.9
2021-08-19,0.46564885496183206,42.3
2021-08-18,0.25906735751295334,42.5
2021-08-17,0.36585365853658536,40.0
2021-08-16,0.49416342412451364,44.4
2021-08-15,0.4444444444444444,45.1
2021-08-14,0.6273291925465838,52.2
2021-08-13,0.2613065326633166,41.699999999999996
2021-08-12,0.4472361809045226,41.4
2021-08-11,0.6363636363636364,46.800000000000004
2021-08-10,0.006622516556291391,41.699999999999996
2021-08-09,0.37410071942446044,40.0
2021-08-08,0.47802197802197804,40.400000000000006
2021-08-07,0.5491803278688525,39.300000000000004
2021-08-06,0.22727272727272727,38.800000000000004
2021-08-05,0.9090909090909091,45.4
2021-08-04,0.5151515151515151,43.7
2021-08-03,0.13793103448275862,45.6
2021-08-02,0.6534653465346535,49.6
2021-08-01,0.2708333333333333,46.6
2021-07-31,0.11764705882352941,40.400000000000006
2021-07-30,0.36990595611285265,42.5
2021-07-29,0.4819277108433735,36.4
2021-07-28,0.46153846153846156,35.6
2021-07-27,0.23076923076923078,36.9
2021-07-26,0.4772727272727273,34.4
2021-07-25,0.5893719806763285,39.0
2021-07-24,0.1791044776119403,39.900000000000006
2021-07-23,0.48598130841121495,41.5
2021-07-22,0.45454545454545453,41.099999999999994
2021-07-21,0.4897959183673469,41.5
2021-07-20,0.13385826771653545,40.1
2021-07-19,0.25675675675675674,37.0
2021-07-18,0.3464052287581699,33.5
2021-07-17,0.3096774193548387,35.4
2021-07-16,0.325,33.1
2021-07-15,0.31547619047619047,31.1
2021-07-14,0.6174496644295302,32.9
2021-07-13,0.4,36.7
2021-07-12,0.43410852713178294,39.300000000000004
2021-07-11,0.5358649789029536,42.0
2021-07-10,0.6614583333333334,47.0
2021-07-09,0.09883720930232558,43.8
2021-07-08,0.5023041474654378,46.400000000000006
2021-07-07,0.47058823529411764,44.3
2021-07-06,0.47029702970297027,45.300000000000004
2021-07-05,0.5515695067264574,47.0
2021-07-04,0.12408759124087591,41.099999999999994
2021-07-03,0.2356687898089172,35.0
2021-07-02,0.6333333333333333,42.699999999999996
2021-07-01,0.36666666666666664,40.699999999999996
2021-06-30,0.5569620253164557,42.0
2021-06-29,0.35428571428571426,40.300000000000004
2021-06-28,0.5116279069767442,39.800000000000004
2021-06-27,0.34523809523809523,42.9
2021-06-26,0.5662650602409639,47.599999999999994
2021-06-25,0.5063694267515924,45.800000000000004
2021-06-24,0.5172413793103449,48.0
2021-06-23,0.024390243902439025,40.400000000000006
2021-06-22,0.32515337423312884,39.900000000000006
2021-06-21,0.6271186440677966,41.6
2021-06-20,0.2710843373493976,40.5
2021-06-19,0.34065934065934067,37.3
2021-06-18,0.4724770642201835,36.8
2021-06-17,0.38202247191011235,34.9
2021-06-16,0.44976076555023925,41.0
2021-06-15,0.48186528497409326,43.2
2021-06-14,0.48214285714285715,41.099999999999994
2021-06-13,0.5576923076923077,45.2
2021-06-12,0.47368421052631576,47.099999999999994
2021-06-11,0.5891472868217055,48.8
2021-06-10,0.5598591549295775,51.300000000000004
2021-06-09,0.3351063829787234,49.7
2021-06-08,0.12,44.5
2021-06-07,0.5047169811320755,44.9
2021-06-06,0.477124183006536,43.7
2021-06-05,0.8089171974522293,48.5
2021-06-04,0.7014925373134329,50.1
2021-06-03,0.40594059405940597,47.9
2021-06-02,0.6875,52.900000000000006
2021-06-01,0.823321554770318,63.0
2021-05-31,0.7619047619047619,66.7
2021-05-30,0.918918918918919,73.0
2021-05-29,0.6956521739130435,71.39999999999999
2021-05-28,0.5391705069124424,69.0
2021-05-27,0.5143884892086331,70.6
2021-05-26,0.09712230215827339,62.1
2021-05-25,0.06818181818181818,51.4
2021-05-24,0.2830188679245283,44.5
2021-05-23,0.1645021645021645,33.7
2021-05-22,0.211864406779661,26.8
2021-05-21,0.65,28.4
2021-05-20,0.44866920152091255,27.500000000000004
2021-05-19,0.24568965517241378,29.599999999999998
2021-05-18,0.2857142857142857,32.7
2021-05-17,0.0,28.7
2021-05-16,0.47368421052631576,33.1
2021-05-15,0.572289156626506,38.2
2021-05-14,0.6540880503144654,38.3
2021-05-13,1.0,46.2
2021-05-12,0.863905325443787,55.00000000000001
2021-05-11,0.53125,58.5
2021-05-10,0.21621621621621623,61.6
2021-05-09,0.4054982817869416,60.6
2021-05-08,0.09836065573770492,53.800000000000004
2021-05-07,0.3553459119496855,49.6
2021-05-06,0.4791666666666667,42.1
2021-05-05,0.2979274611398964,34.1
2021-05-04,0.07692307692307693,27.6
2021-05-03,0.25,28.000000000000004
2021-05-02,0.2222222222222222,25.4
2021-05-01,0.027777777777777776,24.4
2021-04-30,0.16184971098265896,21.7
2021-04-29,0.3639240506329114,20.0
2021-04-28,0.09036144578313253,17.0
2021-04-27,0.0,15.9
2021-04-26,0.041237113402061855,13.0
2021-04-25,0.3111111111111111,14.2
2021-04-24,0.24390243902439024,17.299999999999997
2021-04-23,0.235,18.4
2021-04-22,0.35947712418300654,18.3
2021-04-21,0.3619402985074627,22.2
2021-04-20,0.10714285714285714,23.7
2021-04-19,0.6456692913385826,32.300000000000004
2021-04-18,0.39901477832512317,33.6
2021-04-17,0.5598802395209581,38.1
2021-04-16,0.3864734299516908,40.300000000000004
2021-04-15,0.025,35.5
2021-04-14,0.0,30.3
2021-04-13,0.049019607843137254,29.5
2021-04-12,0.2457627118644068,23.799999999999997
2021-04-11,0.375,23.400000000000002
2021-04-10,0.29591836734693877,19.7
2021-04-09,0.052083333333333336,14.899999999999999
2021-04-08,0.04819277108433735,15.2
2021-04-07,0.07766990291262135,16.3
2021-04-06,0.2637795275590551,19.400000000000002
2021-04-05,0.20408163265306123,18.8
2021-04-04,0.5,20.599999999999998
2021-04-03,0.1906005221932115,19.1
2021-04-02,0.31297709923664124,22.8
2021-04-01,0.20277777777777778,25.0
2021-03-31,0.3611111111111111,29.099999999999998
2021-03-30,0.25547445255474455,28.999999999999996
2021-03-29,0.37012987012987014,31.3
2021-03-28,0.3333333333333333,28.9
2021-03-27,0.07042253521126761,27.200000000000003
2021-03-26,0.49382716049382713,29.799999999999997
2021-03-25,0.29554655870445345,31.1
2021-03-24,0.3436293436293436,30.9
2021-03-23,0.24528301886792453,30.7
2021-03-22,0.30687830687830686,29.799999999999997
2021-03-21,0.30434782608695654,29.4
2021-03-20,0.2893401015228426,32.6
2021-03-19,0.2826086956521739,29.5
2021-03-18,0.2408026755852843,28.799999999999997
2021-03-17,0.1443850267379679,25.900000000000002
2021-03-16,0.27918781725888325,26.400000000000002
2021-03-15,0.6067415730337079,30.7
2021-03-14,0.6363636363636364,35.4
2021-03-13,0.09408602150537634,32.6
2021-03-12,0.125,30.4
2021-03-11,0.43322475570032576,33.1
2021-03-10,0.13973799126637554,33.1
2021-03-09,0.19411764705882353,31.8
2021-03-08,0.24390243902439024,26.700000000000003
2021-03-07,0.39148936170212767,23.200000000000003
2021-03-06,0.16346153846153846,24.2
2021-03-05,0.4634146341463415,28.999999999999996
2021-03-04,0.13043478260869565,24.7
2021-03-03,0.0,22.7
2021-03-02,,
2021-03-01,,
2021-02-28,0.22259136212624583,
2021-02-27,0.71671388101983,
2021-02-26,1.0,
2021-02-25,1.0,
2021-02-24,0.7938931297709924,
2021-02-23,1.0,
2021-02-22,,
2021-02-21,,
2021-02-20,,
2021-02-19,,
2021-02-18,,
2021-02-17,,
2021-02-16,,
2021-02-15,1.0,
2021-02-14,1.0,
2021-02-13,1.0,
2021-02-12,1.0,
2021-02-11,0.13157894736842105,
2021-02-10,1.0,
2021-02-09,0.5,80.5
2021-02-08,0.1643835616438356,68.5
2021-02-07,0.3023255813953488,58.5
2021-02-06,0.680952380952381,54.0
2021-02-05,1.0,54.0
2021-02-04,0.42857142857142855,58.199999999999996
2021-02-03,0.10084033613445378,45.4
2021-02-02,0.11214953271028037,39.800000000000004
2021-02-01,0.12087912087912088,39.2
2021-01-31,0.3815789473684211,40.400000000000006
2021-01-30,0.2182741116751269,33.7
2021-01-29,,
2021-01-28,0.16,
2021-01-27,0.41711229946524064,
2021-01-26,0.5172413793103449,
2021-01-25,0.7329842931937173,
2021-01-24,0.16101694915254236,
2021-01-23,0.13011152416356878,
2021-01-22,0.2,33.1
2021-01-21,0.31189710610932475,35.3
2021-01-20,0.0,29.299999999999997
2021-01-19,0.0,21.9
2021-01-18,0.18134715025906736,14.099999999999998
2021-01-17,0.29577464788732394,16.0
2021-01-16,0.36,19.3
2021-01-15,0.5285714285714286,24.0
2021-01-14,,
2021-01-13,0.0,
2021-01-12,0.0,
2021-01-11,0.22321428571428573,
2021-01-10,0.2840909090909091,
2021-01-09,0.21604938271604937,
2021-01-08,0.5522388059701493,
2021-01-07,0.32075471698113206,22.8
2021-01-06,0.23030303030303031,26.1
2021-01-05,0.01834862385321101,26.400000000000002
2021-01-04,0.8695652173913043,35.6
2021-01-03,0.23622047244094488,34.9
2021-01-02,0.25,35.4
2021-01-01,0.3088235294117647,31.900000000000002
2020-12-31,0.3088235294117647,31.7
2020-12-30,0.3389830508474576,33.300000000000004
2020-12-29,0.3333333333333333,37.8
2020-12-28,0.17532467532467533,27.900000000000002
2020-12-27,0.29842931937172773,28.799999999999997
2020-12-26,0.17204301075268819,27.700000000000003
2020-12-25,,
2020-12-24,1.0,
2020-12-23,0.30985915492957744,
2020-12-22,0.25,
2020-12-21,0.26666666666666666,
2020-12-20,0.4,
2020-12-19,0.24503311258278146,
2020-12-18,0.1907514450867052,38.0
2020-12-17,0.30578512396694213,28.1
2020-12-16,0.2185430463576159,26.8
2020-12-15,0.20348837209302326,26.1
2020-12-14,0.20512820512820512,25.3
2020-12-13,0.4411764705882353,25.900000000000002
2020-12-12,0.18497109826589594,25.0
2020-12-11,0.17532467532467533,24.8
2020-12-10,0.18691588785046728,23.1
2020-12-09,0.1836734693877551,22.6
2020-12-08,0.36075949367088606,24.8
2020-12-07,0.38738738738738737,27.400000000000002
2020-12-06,0.37168141592920356,26.400000000000002
2020-12-05,0.17880794701986755,26.400000000000002
2020-12-04,0.3163265306122449,28.4
2020-12-03,0.21739130434782608,28.799999999999997
2020-12-02,0.3712871287128713,31.5
2020-12-01,0.9461538461538461,39.800000000000004
2020-11-30,0.5333333333333333,41.9
2020-11-29,0.43010752688172044,42.8
2020-11-28,,
2020-11-27,0.0,
2020-11-26,0.0,
2020-11-25,0.2857142857142857,
2020-11-24,0.16153846153846155,
2020-11-23,0.6226415094339622,
2020-11-22,,
2020-11-21,,
2020-11-20,0.22580645161290322,
2020-11-19,0.7424242424242424,
2020-11-18,0.31976744186046513,
2020-11-17,0.20408163265306123,
2020-11-16,0.3333333333333333,
2020-11-15,0.0,
2020-11-14,0.45,32.5
2020-11-13,0.7407407407407407,39.900000000000006
2020-11-12,,
2020-11-11,0.10344827586206896,
2020-11-10,0.75,
2020-11-09,0.39855072463768115,
2020-11-08,0.4,
2020-11-07,0.357429718875502,
2020-11-06,0.3510971786833856,
2020-11-05,0.44244604316546765,40.0
2020-11-04,0.43147208121827413,44.7
2020-11-03,0.4866920152091255,41.0
2020-11-02,0.4416961130742049,41.6
2020-11-01,0.43478260869565216,42.1
2020-10-31,0.6432748538011696,46.2
2020-10-30,0.3466135458167331,46.1
2020-10-29,0.25,43.4
2020-10-28,0.4153225806451613,43.1
2020-10-27,0.39492753623188404,41.8
2020-10-26,0.23076923076923078,38.800000000000004
2020-10-25,0.3385416666666667,37.4
2020-10-24,0.24615384615384617,31.7
2020-10-23,0.375,32.2
2020-10-22,0.3786764705882353,34.0
2020-10-21,0.5647668393782384,36.1
2020-10-20,0.5,37.6
2020-10-19,0.5959595959595959,42.8
2020-10-18,0.1301775147928994,39.900000000000006
2020-10-17,0.14893617021276595,38.5
2020-10-16,0.48031496062992124,40.0
2020-10-15,0.365,39.800000000000004
2020-10-14,0.504950495049505,38.9
2020-10-13,0.242914979757085,35.3
2020-10-12,0.34172661870503596,31.6
2020-10-11,0.31496062992125984,34.300000000000004
2020-10-10,0.23952095808383234,35.6
2020-10-09,0.5502392344497608,36.6
2020-10-08,0.5,38.5
2020-10-07,0.21568627450980393,34.4
2020-10-06,0.46153846153846156,37.5
2020-10-05,0.5154639175257731,40.0
2020-10-04,0.34615384615384615,40.400000000000006
2020-10-03,0.5294117647058824,44.5
2020-10-02,0.5248868778280543,44.2
2020-10-01,0.2924901185770751,41.199999999999996
2020-09-30,0.37453183520599254,43.5
2020-09-29,0.3508771929824561,41.9
2020-09-28,0.3607305936073059,39.7
2020-09-27,0.379746835443038,40.2
2020-09-26,0.26373626373626374,36.4
2020-09-25,0.6131386861313869,37.6
2020-09-24,0.0,33.5
2020-09-23,0.8518518518518519,40.300000000000004
2020-09-22,0.5838509316770186,43.6
2020-09-21,0.27125506072874495,42.3
2020-09-20,0.40963855421686746,42.8
2020-09-19,0.6535947712418301,48.3
2020-09-18,0.6845238095238095,49.4
2020-09-17,0.8712871287128713,61.8
2020-09-16,0.3815261044176707,55.1
2020-09-15,0.8778280542986425,59.3
2020-09-14,0.5657894736842105,63.5
2020-09-13,0.20095693779904306,60.5
2020-09-12,0.08666666666666667,52.400000000000006
2020-09-11,0.23952095808383234,46.1
2020-09-10,0.32608695652173914,38.3
2020-09-09,0.4700854700854701,39.5
2020-09-08,0.3281853281853282,31.7
2020-09-07,0.4230769230769231,29.599999999999998
2020-09-06,0.5894736842105263,35.199999999999996
2020-09-05,0.6956521739130435,43.9
2020-09-04,0.0,40.5
2020-09-03,0.21505376344086022,38.9
2020-09-02,0.43478260869565216,38.4
2020-09-01,0.2640449438202247,37.5
2020-08-31,0.49130434782608695,38.4
2020-08-30,0.5743440233236151,38.2
2020-08-29,0.4014336917562724,34.0
2020-08-28,0.44782608695652176,40.400000000000006
2020-08-27,0.2558139534883721,41.0
2020-08-26,0.5579399141630901,42.8
2020-08-25,0.248868778280543,42.5
2020-08-24,0.03048780487804878,36.0
2020-08-23,0.5798816568047337,36.0
2020-08-22,0.5,37.4
2020-08-21,0.13692946058091288,33.0
2020-08-20,0.48693586698337293,36.3
2020-08-19,0.5604395604395604,36.3
2020-08-18,0.49603174603174605,39.900000000000006
2020-08-17,0.28205128205128205,43.5
2020-08-16,0.672316384180791,44.800000000000004
2020-08-15,0.2804232804232804,41.6
2020-08-14,0.44802867383512546,46.1
2020-08-13,0.3424657534246575,44.0
2020-08-12,0.4900398406374502,43.0
2020-08-11,0.38308457711442784,41.4
2020-08-10,0.4816326530612245,44.3
2020-08-09,0.4148471615720524,40.6
2020-08-08,0.3923444976076555,42.199999999999996
2020-08-07,0.21367521367521367,38.800000000000004
2020-08-06,0.5372549019607843,41.6
2020-08-05,0.4790697674418605,41.5
2020-08-04,0.5545023696682464,43.9
2020-08-03,0.4695121951219512,43.7
2020-08-02,0.47244094488188976,44.6
2020-08-01,0.43829787234042555,45.2
2020-07-31,0.29838709677419356,46.400000000000006
2020-07-30,0.3258426966292135,43.4
2020-07-29,0.4024390243902439,42.3
2020-07-28,0.08780487804878048,35.6
2020-07-27,0.06862745098039216,29.9
2020-07-26,0.39090909090909093,28.7
2020-07-25,0.27007299270072993,26.3
2020-07-24,0.0,22.1
2020-07-23,0.4369747899159664,23.7
2020-07-22,0.41450777202072536,23.799999999999997
2020-07-21,0.36492890995260663,27.800000000000004
2020-07-20,0.5854922279792746,35.199999999999996
2020-07-19,1.0,43.9
2020-07-18,0.45454545454545453,46.5
2020-07-17,0.32142857142857145,51.1
2020-07-16,0.13513513513513514,46.800000000000004
2020-07-15,0.5570175438596491,48.8
2020-07-14,0.504950495049505,50.8
2020-07-13,0.46938775510204084,49.2
2020-07-12,0.4486486486486487,41.3
2020-07-11,0.48770491803278687,41.8
2020-07-10,0.5252100840336135,44.7
2020-07-09,0.6296296296296297,51.800000000000004
2020-07-08,0.5774058577405857,52.0
2020-07-07,0.49372384937238495,51.9
2020-07-06,0.4067796610169492,51.0
2020-07-05,0.5414847161572053,52.300000000000004
2020-07-04,0.35294117647058826,50.4
2020-07-03,0.5238095238095238,50.4
2020-07-02,0.35185185185185186,46.400000000000006
2020-07-01,0.532258064516129,45.800000000000004
2020-06-30,0.611336032388664,47.4
2020-06-29,0.5416666666666666,49.4
2020-06-28,0.5909090909090909,50.1
2020-06-27,0.5578512396694215,53.0
2020-06-26,0.5238095238095238,53.0
2020-06-25,0.5419847328244275,55.7
2020-06-24,0.37142857142857144,53.400000000000006
2020-06-23,0.6550218340611353,54.0
2020-06-22,0.7017543859649122,56.3
2020-06-21,0.5970695970695971,56.39999999999999
2020-06-20,0.543010752688172,56.2
2020-06-19,0.925,61.9
2020-06-18,0.6451612903225806,63.4
2020-06-17,0.7107142857142857,68.30000000000001
2020-06-16,0.723404255319149,69.19999999999999
2020-06-15,0.7450199203187251,69.8
2020-06-14,0.7755102040816326,72.39999999999999
2020-06-13,0.8205128205128205,76.4
2020-06-12,0.9090909090909091,76.1
2020-06-11,0.8163265306122449,78.60000000000001
2020-06-10,0.6283783783783784,77.4
2020-06-09,0.8768472906403941,79.60000000000001
2020-06-08,0.8638132295719845,81.3
2020-06-07,0.6938775510204082,80.10000000000001
2020-06-06,0.5087719298245614,75.7
2020-06-05,0.5942028985507246,71.2
2020-06-04,0.8903508771929824,72.2
2020-06-03,0.8478260869565217,75.4
2020-06-02,0.7317073170731707,73.3
2020-06-01,0.7263681592039801,71.3
2020-05-31,0.6212121212121212,70.3
2020-05-30,0.7023809523809523,73.1
2020-05-29,0.6188340807174888,73.4
2020-05-28,0.898989898989899,73.5
2020-05-27,0.68,71.1
2020-05-26,0.9444444444444444,74.2
2020-05-25,0.7637795275590551,74.7
2020-05-24,0.19014084507042253,68.60000000000001
2020-05-23,0.458955223880597,65.10000000000001
2020-05-22,0.7330097087378641,66.7
2020-05-21,0.6496815286624203,63.1
2020-05-20,0.28802588996763756,57.49999999999999
2020-05-19,0.07079646017699115,45.1
2020-05-18,,
2020-05-17,0.0,
2020-05-16,,
2020-05-15,,
2020-05-14,,
2020-05-13,1.0,
2020-05-12,0.46261682242990654,
2020-05-11,0.6666666666666666,
2020-05-10,1.0,
2020-05-09,0.45454545454545453,
2020-05-08,0.5217391304347826,
2020-05-07,,
2020-05-06,,
2020-05-05,,
2020-05-04,,
2020-05-03,,
2020-05-02,,
2020-05-01,,
2020-04-30,,
2020-04-29,,
2020-04-28,,
2020-04-27,,
2020-04-26,0.9572649572649573,
2020-04-25,0.7697368421052632,
2020-04-24,0.3277591973244147,
2020-04-23,0.6126760563380281,
2020-04-22,0.42857142857142855,
2020-04-21,0.7202797202797203,
2020-04-20,0.6756756756756757,64.2
2020-04-19,0.7619047619047619,61.4
2020-04-18,0.7395833333333334,60.9
2020-04-17,0.6634615384615384,65.7
2020-04-16,0.6578947368421053,66.4
2020-04-15,0.6059113300492611,68.89999999999999
2020-04-14,0.781021897810219,69.8
2020-04-13,0.4,65.9
2020-04-12,0.5515695067264574,62.8
2020-04-11,0.7931034482758621,63.6
2020-04-10,0.9230769230769231,67.30000000000001
2020-04-09,0.5491803278688525,65.8
2020-04-08,0.8,68.5
2020-04-07,0.7058823529411765,67.5
2020-04-06,0.7142857142857143,72.0
2020-04-05,0.40625,69.89999999999999
2020-04-04,0.921875,71.7
2020-04-03,0.7941176470588235,69.89999999999999
2020-04-02,0.8353909465020576,74.0
2020-04-01,0.5161290322580645,69.89999999999999
2020-03-31,0.7817460317460317,71.0
2020-03-30,0.48148148148148145,67.7
2020-03-29,0.7222222222222222,72.2
2020-03-28,0.6584158415841584,68.4
2020-03-27,0.9601769911504425,70.8
2020-03-26,0.6135265700483091,67.60000000000001
2020-03-25,0.6948356807511737,70.19999999999999
2020-03-24,0.6100917431192661,67.7
2020-03-23,0.6688311688311688,70.39999999999999
2020-03-22,0.9813084112149533,74.1
2020-03-21,0.5555555555555556,72.6
2020-03-20,0.6407185628742516,68.10000000000001
2020-03-19,0.6703296703296703,68.89999999999999
2020-03-18,0.4827586206896552,65.9
2020-03-17,0.6632124352331606,66.60000000000001
2020-03-16,0.5,64.2
2020-03-15,0.8089171974522293,61.7
2020-03-14,0.6618357487922706,63.3
2020-03-13,0.2857142857142857,58.199999999999996
2020-03-12,0.8456375838926175,60.699999999999996
2020-03-11,0.9333333333333333,67.10000000000001
2020-03-10,0.631336405529954,66.7
2020-03-09,0.44933920704845814,65.9
2020-03-08,0.6825396825396826,64.1
2020-03-07,0.4512820512820513,61.1
2020-03-06,0.484375,64.0
2020-03-05,0.5138888888888888,59.199999999999996
2020-03-04,0.7277227722772277,56.3
2020-03-03,0.5208333333333334,54.7
2020-03-02,0.7927927927927928,59.599999999999994
2020-03-01,0.637223974763407,59.0
2020-02-29,0.5517241379310345,60.4
2020-02-28,0.5205479452054794,60.9
2020-02-27,0.503731343283582,60.8
2020-02-26,0.8095238095238095,61.9
2020-02-25,0.10714285714285714,56.00000000000001
2020-02-24,0.5058139534883721,51.9
2020-02-23,0.696969696969697,52.800000000000004
2020-02-22,0.06862745098039216,45.9
2020-02-21,0.3564356435643564,43.5
2020-02-20,0.0196078431372549,36.6
2020-02-19,0.1935483870967742,27.800000000000004
2020-02-18,0.0,26.3
2020-02-17,0.05555555555555555,19.900000000000002
2020-02-16,0.5263157894736842,17.4
2020-02-15,0.6086956521739131,25.1
2020-02-14,0.37142857142857144,25.4
2020-02-13,0.3225806451612903,29.7
2020-02-12,0.03587443946188341,27.400000000000002
2020-02-11,,
2020-02-10,1.0,
2020-02-09,0.9305555555555556,
2020-02-08,0.8555555555555555,
2020-02-07,0.946524064171123,
2020-02-06,0.6067415730337079,
2020-02-05,0.2777777777777778,
2020-02-04,0.6226415094339622,74.9
2020-02-03,0.5774647887323944,68.8
2020-02-02,0.43452380952380953,61.7
2020-02-01,0.7900355871886121,60.8
2020-01-31,0.1645021645021645,49.6
2020-01-30,0.33513513513513515,45.7
2020-01-29,0.5238095238095238,49.3
2020-01-28,0.8014440433212996,51.800000000000004
2020-01-27,0.7398373983739838,54.1
2020-01-26,0.6666666666666666,57.4
2020-01-25,0.5542635658914729,54.1
2020-01-24,0.6290322580645161,60.699999999999996
2020-01-23,0.4913294797687861,62.9
2020-01-22,0.5027027027027027,62.6
2020-01-21,0.28125,55.2
2020-01-20,0.3413173652694611,49.5
2020-01-19,0.5545454545454546,47.9
2020-01-18,0.0625,40.9
2020-01-17,0.3181818181818182,36.5
2020-01-16,0.46875,36.1
2020-01-15,0.0,28.999999999999996
2020-01-14,0.5272727272727272,32.5
2020-01-13,0.5348837209302325,35.199999999999996
2020-01-12,0.5155038759689923,34.699999999999996
2020-01-11,0.5588235294117647,41.8
2020-01-10,0.6875,47.0
2020-01-09,0.36363636363636365,45.5
2020-01-08,0.34285714285714286,50.4
2020-01-07,0.6680851063829787,52.400000000000006
2020-01-06,0.44483985765124556,51.2
2020-01-05,0.0,43.8
2020-01-04,0.0,35.8
2020-01-03,0.3989071038251366,31.7
2020-01-02,0.37662337662337664,31.900000000000002
2020-01-01,0.515625,34.300000000000004
2019-12-31,0.34649122807017546,29.7
2019-12-30,0.43217665615141954,29.599999999999998
2019-12-29,0.5627376425855514,37.6
2019-12-28,0.4052863436123348,43.4
2019-12-27,0.450354609929078,44.1
2019-12-26,0.24285714285714285,42.199999999999996
2019-12-25,0.545054945054945,42.6
2019-12-24,0.4262295081967213,43.8
2019-12-23,0.5741758241758241,45.800000000000004
2019-12-22,0.29901960784313725,42.0
2019-12-21,1.0,50.5
2019-12-20,0.14507772020725387,46.2
2019-12-19,0.3825301204819277,48.199999999999996
2019-12-18,0.1875,43.1
2019-12-17,0.1824561403508772,39.6
2019-12-16,0.37249283667621774,36.7
2019-12-15,0.3188854489164087,37.0
2019-12-14,0.43478260869565216,28.9
2019-12-13,0.36129032258064514,32.0
2019-12-12,0.18604651162790697,29.2
2019-12-11,0.6820809248554913,36.3
2019-12-10,0.2237093690248566,36.8
2019-12-09,0.3611111111111111,36.7
2019-12-08,0.34916201117318435,37.1
2019-12-07,0.34911242603550297,35.9
2019-12-06,0.7666666666666667,41.699999999999996
2019-12-05,0.8837209302325582,51.7
2019-12-04,0.5113636363636364,49.2
2019-12-03,0.4988399071925754,53.1
2019-12-02,0.2235294117647059,51.2
2019-12-01,0.5358090185676393,53.800000000000004
2019-11-30,0.34798534798534797,53.800000000000004
2019-11-29,0.6182965299684543,51.7
2019-11-28,0.3582089552238806,44.2
2019-11-27,0.4875283446712018,43.9
2019-11-26,0.1991701244813278,39.6
2019-11-25,0.2217573221757322,39.6
2019-11-24,0.2037037037037037,34.8
2019-11-23,0.4192634560906516,35.8
2019-11-22,0.46756756756756757,33.7
2019-11-21,0.430622009569378,34.699999999999996
2019-11-20,0.39655172413793105,33.4
2019-11-19,0.45774647887323944,37.1
2019-11-18,0.22519083969465647,37.2
2019-11-17,0.46475195822454307,40.9
2019-11-16,0.23529411764705882,38.3
2019-11-15,0.6345177664974619,40.6
2019-11-14,0.26627218934911245,38.3
2019-11-13,0.5652173913043478,40.699999999999996
2019-11-12,0.4470046082949309,40.5
2019-11-11,0.4088050314465409,43.2
2019-11-10,0.56973293768546,44.7
2019-11-09,0.7619047619047619,52.2
2019-11-08,0.32323232323232326,47.699999999999996
2019-11-07,0.0,43.9
2019-11-06,0.5882352941176471,44.3
2019-11-05,0.5423728813559322,45.6
2019-11-04,0.5201238390092879,47.199999999999996
2019-11-03,0.4264705882352941,45.2
2019-11-02,0.36492890995260663,39.5
2019-11-01,0.42528735632183906,41.0
2019-10-31,0.5578512396694215,48.9
2019-10-30,0.34560906515580736,45.5
2019-10-29,0.6572237960339944,47.099999999999994
2019-10-28,0.425531914893617,45.800000000000004
2019-10-27,0.5283018867924528,47.199999999999996
2019-10-26,0.7318611987381703,52.5
2019-10-25,0.6523809523809524,55.7
2019-10-24,1.0,62.0
2019-10-23,0.5333333333333333,64.7
2019-10-22,0.7275204359673024,65.7
2019-10-21,0.6974063400576369,69.6
2019-10-20,0.723404255319149,72.39999999999999
2019-10-19,0.5566502463054187,69.89999999999999
2019-10-18,0.7258566978193146,70.89999999999999
2019-10-17,0.3575418994413408,61.7
2019-10-16,0.0,54.1
2019-10-15,0.48717948717948717,50.7
2019-10-14,0.40425531914893614,46.5
2019-10-13,0.802158273381295,47.599999999999994
2019-10-12,0.8571428571428571,51.9
2019-10-11,0.3076923076923077,45.9
2019-10-10,0.18716577540106952,43.5
2019-10-09,0.24812030075187969,47.099999999999994
2019-10-08,0.25925925925925924,43.8
2019-10-07,0.6138328530259366,46.800000000000004
2019-10-06,0.6141304347826086,44.1
2019-10-05,0.6323185011709602,40.9
2019-10-04,0.5667870036101083,44.6
2019-10-03,0.5445544554455446,49.7
2019-10-02,0.497737556561086,53.300000000000004
2019-10-01,0.7307692307692307,60.0
2019-09-30,0.3103448275862069,55.7
2019-09-29,0.5797101449275363,55.2
2019-09-28,0.5925925925925926,54.6
2019-09-27,0.6696696696696697,56.10000000000001
2019-09-26,0.7590361445783133,59.099999999999994
2019-09-25,0.6666666666666666,61.6
2019-09-24,0.6547619047619048,60.5
2019-09-23,0.6487603305785123,65.3
2019-09-22,0.5604395604395604,65.0
2019-09-21,0.5970149253731343,65.10000000000001
2019-09-20,0.6567164179104478,64.9
2019-09-19,0.5667870036101083,62.2
2019-09-18,0.6190476190476191,61.5
2019-09-17,0.6984924623115578,62.1
2019-09-16,0.13043478260869565,54.7
2019-09-15,0.4978165938864629,53.800000000000004
2019-09-14,0.32432432432432434,49.9
2019-09-13,0.6538461538461539,49.9
2019-09-12,0.43902439024390244,48.0
2019-09-11,0.1935483870967742,42.0
2019-09-10,0.96,45.7
2019-09-09,0.9752475247524752,57.8
2019-09-08,0.5238095238095238,58.099999999999994
2019-09-07,0.36585365853658536,58.699999999999996
2019-09-06,0.5454545454545454,57.199999999999996
2019-09-05,0.7357142857142858,61.4
2019-09-04,0.8165137614678899,70.3
2019-09-03,0.09090909090909091,57.9
2019-09-02,0.46632124352331605,50.6
2019-09-01,0.5323741007194245,50.8
2019-08-31,0.1016949152542373,47.0
2019-08-30,0.11764705882352941,40.9
2019-08-29,1.0,44.6
2019-08-28,0.4,38.7
2019-08-27,0.3959731543624161,43.1
2019-08-26,0.7038327526132404,46.5
2019-08-25,0.522633744855967,46.300000000000004
2019-08-24,0.5088495575221239,52.1
2019-08-23,0.5604395604395604,58.5
2019-08-22,0.7204968944099379,54.50000000000001
2019-08-21,0.6538461538461539,58.099999999999994
2019-08-20,0.5276073619631901,60.0
2019-08-19,0.5835095137420718,58.199999999999996
2019-08-18,0.6957236842105263,60.699999999999996
2019-08-17,0.5349794238683128,61.1
2019-08-16,0.5297709923664122,60.699999999999996
2019-08-15,0.40229885057471265,56.10000000000001
2019-08-14,0.391304347826087,52.400000000000006
2019-08-13,0.5788804071246819,53.1
2019-08-12,0.5562130177514792,52.7
2019-08-11,0.5185185185185185,50.2
2019-08-10,0.5341365461847389,50.2
2019-08-09,0.7772277227722773,53.7
2019-08-08,0.2948717948717949,52.2
2019-08-07,1.0,60.9
2019-08-06,,
2019-08-05,1.0,
2019-08-04,0.3125,
2019-08-03,0.3742690058479532,
2019-08-02,0.2585034013605442,
2019-08-01,0.3333333333333333,
2019-07-31,0.24719101123595505,
2019-07-30,0.3048780487804878,40.400000000000006
2019-07-29,1.0,40.400000000000006
2019-07-28,0.26595744680851063,39.800000000000004
2019-07-27,0.2857142857142857,38.5
2019-07-26,0.21965317919075145,38.0
2019-07-25,0.15432098765432098,35.4
2019-07-24,0.3401015228426396,36.7
2019-07-23,1.0,46.7
2019-07-22,0.27350427350427353,36.3
2019-07-21,0.336283185840708,37.3
2019-07-20,0.5161290322580645,40.6
2019-07-19,1.0,51.7
2019-07-18,0.16071428571428573,51.800000000000004
2019-07-17,0.2948717948717949,51.2
2019-07-16,0.1574468085106383,39.1
2019-07-15,0.21176470588235294,38.2
2019-07-14,0.1792452830188679,36.0
2019-07-13,0.8536585365853658,40.8
2019-07-12,0.3,30.8
2019-07-11,0.4094488188976378,34.4
2019-07-10,0.9016393442622951,43.0
2019-07-09,0.375,46.2
2019-07-08,0.3700787401574803,48.4
2019-07-07,0.2857142857142857,49.9
2019-07-06,0.40217391304347827,43.5
2019-07-05,0.24293785310734464,42.699999999999996
2019-07-04,0.24293785310734464,40.300000000000004
2019-07-03,0.24836601307189543,31.0
2019-07-02,0.23333333333333334,28.9
2019-07-01,0.291005291005291,27.800000000000004
2019-06-30,0.21568627450980393,26.8
2019-06-29,0.1956521739130435,23.9
2019-06-28,0.3006993006993007,24.7
2019-06-27,0.2422680412371134,24.7
2019-06-26,0.264,24.9
2019-06-25,0.2261904761904762,24.8
2019-06-24,0.3103448275862069,25.1
2019-06-23,0.33877551020408164,26.8
2019-06-22,0.2824427480916031,28.1
2019-06-21,0.2471264367816092,27.3
2019-06-20,0.21568627450980393,26.900000000000002
2019-06-19,0.3333333333333333,27.900000000000002
2019-06-18,0.2403846153846154,28.1
2019-06-17,0.24175824175824176,27.1
2019-06-16,0.20833333333333334,25.3
2019-06-15,0.43564356435643564,27.500000000000004
2019-06-14,0.3975409836065574,29.599999999999998
2019-06-13,0.47330960854092524,33.300000000000004
2019-06-12,0.4670846394984326,35.199999999999996
2019-06-11,0.20359281437125748,34.699999999999996
2019-06-10,0.40625,37.0
2019-06-09,0.4230769230769231,40.1
2019-06-08,0.5374449339207048,41.5
2019-06-07,0.31413612565445026,40.400000000000006
2019-06-06,0.47674418604651164,40.400000000000006
2019-06-05,0.47674418604651164,40.5
2019-06-04,0.38626609442060084,43.2
2019-06-03,0.3378995433789954,42.199999999999996
2019-06-02,0.3548387096774194,41.199999999999996
2019-06-01,0.3694581280788177,38.800000000000004
2019-05-31,0.25462962962962965,38.0
2019-05-30,0.32857142857142857,35.8
2019-05-29,0.30092592592592593,33.300000000000004
2019-05-28,0.3333333333333333,32.6
2019-05-27,0.25,31.3
2019-05-26,0.13793103448275862,28.199999999999996
2019-05-25,0.22357723577235772,26.1
2019-05-24,0.18181818181818182,25.1
2019-05-23,0.40418118466898956,26.200000000000003
2019-05-22,0.2912280701754386,26.0
2019-05-21,0.3832599118942731,26.700000000000003
2019-05-20,0.17073170731707318,25.6
2019-05-19,0.35714285714285715,28.7
2019-05-18,0.21182266009852216,28.599999999999998
2019-05-17,0.5263157894736842,33.5
2019-05-16,0.4568345323741007,34.2
2019-05-15,0.4788273615635179,36.9
2019-05-14,0.1625615763546798,33.800000000000004
2019-05-13,0.5154639175257731,38.7
2019-05-12,0.46153846153846156,40.2
2019-05-11,0.24267782426778242,40.6
2019-05-10,0.5454545454545454,40.9
2019-05-09,0.0990990990990991,35.8
2019-05-08,0.23255813953488372,32.300000000000004
2019-05-07,0.6120218579234973,38.7
2019-05-06,0.40397350993377484,37.1
2019-05-05,0.4127906976744186,36.4
2019-05-04,0.5179723502304148,40.300000000000004
2019-05-03,0.4106776180698152,38.4
2019-05-02,0.3233404710920771,41.6
2019-05-01,0.43050847457627117,44.4
2019-04-30,0.0,35.699999999999996
2019-04-29,,
2019-04-28,,
2019-04-27,,
2019-04-26,,
2019-04-25,,
2019-04-24,,
2019-04-23,,
2019-04-22,,
2019-04-21,,
